-- --------------------------------------------------------
-- Hostitel:                     127.0.0.1
-- Verze serveru:                8.4.3 - MySQL Community Server - GPL
-- OS serveru:                   Win64
-- HeidiSQL Verze:               12.8.0.6908
-- --------------------------------------------------------

/*!40101 SET @OLD_CHARACTER_SET_CLIENT=@@CHARACTER_SET_CLIENT */;
/*!40101 SET NAMES utf8 */;
/*!50503 SET NAMES utf8mb4 */;
/*!40103 SET @OLD_TIME_ZONE=@@TIME_ZONE */;
/*!40103 SET TIME_ZONE='+00:00' */;
/*!40014 SET @OLD_FOREIGN_KEY_CHECKS=@@FOREIGN_KEY_CHECKS, FOREIGN_KEY_CHECKS=0 */;
/*!40101 SET @OLD_SQL_MODE=@@SQL_MODE, SQL_MODE='NO_AUTO_VALUE_ON_ZERO' */;
/*!40111 SET @OLD_SQL_NOTES=@@SQL_NOTES, SQL_NOTES=0 */;


-- Exportování struktury databáze pro
CREATE DATABASE IF NOT EXISTS `safecompas` /*!40100 DEFAULT CHARACTER SET utf8mb4 COLLATE utf8mb4_0900_ai_ci */ /*!80016 DEFAULT ENCRYPTION='N' */;
USE `safecompas`;

-- Exportování struktury pro tabulka safecompas.cache
CREATE TABLE IF NOT EXISTS `cache` (
  `key` varchar(255) COLLATE utf8mb4_unicode_ci NOT NULL,
  `value` mediumtext COLLATE utf8mb4_unicode_ci NOT NULL,
  `expiration` int NOT NULL,
  PRIMARY KEY (`key`)
) ENGINE=InnoDB DEFAULT CHARSET=utf8mb4 COLLATE=utf8mb4_unicode_ci;

-- Exportování dat pro tabulku safecompas.cache: ~0 rows (přibližně)

-- Exportování struktury pro tabulka safecompas.cache_locks
CREATE TABLE IF NOT EXISTS `cache_locks` (
  `key` varchar(255) COLLATE utf8mb4_unicode_ci NOT NULL,
  `owner` varchar(255) COLLATE utf8mb4_unicode_ci NOT NULL,
  `expiration` int NOT NULL,
  PRIMARY KEY (`key`)
) ENGINE=InnoDB DEFAULT CHARSET=utf8mb4 COLLATE=utf8mb4_unicode_ci;

-- Exportování dat pro tabulku safecompas.cache_locks: ~0 rows (přibližně)

-- Exportování struktury pro tabulka safecompas.contacts
CREATE TABLE IF NOT EXISTS `contacts` (
  `id` bigint unsigned NOT NULL AUTO_INCREMENT,
  `name` varchar(255) COLLATE utf8mb4_unicode_ci NOT NULL,
  `email` varchar(255) COLLATE utf8mb4_unicode_ci NOT NULL,
  `type` enum('supplier','customer','user') COLLATE utf8mb4_unicode_ci NOT NULL DEFAULT 'supplier',
  `is_active` tinyint(1) NOT NULL DEFAULT '1',
  `created_at` timestamp NULL DEFAULT NULL,
  `updated_at` timestamp NULL DEFAULT NULL,
  PRIMARY KEY (`id`),
  KEY `contacts_type_is_active_index` (`type`,`is_active`)
) ENGINE=InnoDB DEFAULT CHARSET=utf8mb4 COLLATE=utf8mb4_unicode_ci;

-- Exportování dat pro tabulku safecompas.contacts: ~0 rows (přibližně)

-- Exportování struktury pro tabulka safecompas.druhy_oopp
CREATE TABLE IF NOT EXISTS `druhy_oopp` (
  `id` bigint unsigned NOT NULL AUTO_INCREMENT,
  `nazev` varchar(255) COLLATE utf8mb4_unicode_ci NOT NULL,
  `created_at` timestamp NULL DEFAULT NULL,
  `updated_at` timestamp NULL DEFAULT NULL,
  PRIMARY KEY (`id`)
) ENGINE=InnoDB AUTO_INCREMENT=9 DEFAULT CHARSET=utf8mb4 COLLATE=utf8mb4_unicode_ci;

-- Exportování dat pro tabulku safecompas.druhy_oopp: ~8 rows (přibližně)
INSERT INTO `druhy_oopp` (`id`, `nazev`, `created_at`, `updated_at`) VALUES
	(1, 'Rukavice', NULL, NULL),
	(2, 'Mikiny ESD', NULL, NULL),
	(3, 'Boty', NULL, NULL),
	(4, 'Trička ESD', NULL, NULL),
	(5, 'Vesty ESD', NULL, NULL),
	(6, 'Ostatní', NULL, NULL),
	(7, 'Nože a náhradní čepele', NULL, NULL),
	(8, 'Trička Office', NULL, NULL);

-- Exportování struktury pro tabulka safecompas.failed_jobs
CREATE TABLE IF NOT EXISTS `failed_jobs` (
  `id` bigint unsigned NOT NULL AUTO_INCREMENT,
  `uuid` varchar(255) COLLATE utf8mb4_unicode_ci NOT NULL,
  `connection` text COLLATE utf8mb4_unicode_ci NOT NULL,
  `queue` text COLLATE utf8mb4_unicode_ci NOT NULL,
  `payload` longtext COLLATE utf8mb4_unicode_ci NOT NULL,
  `exception` longtext COLLATE utf8mb4_unicode_ci NOT NULL,
  `failed_at` timestamp NOT NULL DEFAULT CURRENT_TIMESTAMP,
  PRIMARY KEY (`id`),
  UNIQUE KEY `failed_jobs_uuid_unique` (`uuid`)
) ENGINE=InnoDB DEFAULT CHARSET=utf8mb4 COLLATE=utf8mb4_unicode_ci;

-- Exportování dat pro tabulku safecompas.failed_jobs: ~0 rows (přibližně)

-- Exportování struktury pro tabulka safecompas.holidays
CREATE TABLE IF NOT EXISTS `holidays` (
  `id` bigint unsigned NOT NULL AUTO_INCREMENT,
  `name` varchar(255) COLLATE utf8mb4_unicode_ci NOT NULL,
  `date` date DEFAULT NULL,
  `pattern` varchar(255) COLLATE utf8mb4_unicode_ci DEFAULT NULL,
  `country_code` varchar(2) COLLATE utf8mb4_unicode_ci NOT NULL DEFAULT 'CZ',
  `type` varchar(255) COLLATE utf8mb4_unicode_ci DEFAULT NULL,
  `is_public_holiday` tinyint(1) NOT NULL DEFAULT '0',
  `notes` text COLLATE utf8mb4_unicode_ci,
  `is_dynamic` tinyint(1) NOT NULL DEFAULT '0',
  `created_at` timestamp NULL DEFAULT NULL,
  `updated_at` timestamp NULL DEFAULT NULL,
  PRIMARY KEY (`id`),
  KEY `holidays_country_code_pattern_index` (`country_code`,`pattern`),
  KEY `holidays_country_code_is_dynamic_index` (`country_code`,`is_dynamic`)
) ENGINE=InnoDB AUTO_INCREMENT=754 DEFAULT CHARSET=utf8mb4 COLLATE=utf8mb4_unicode_ci;

-- Exportování dat pro tabulku safecompas.holidays: ~753 rows (přibližně)
INSERT INTO `holidays` (`id`, `name`, `date`, `pattern`, `country_code`, `type`, `is_public_holiday`, `notes`, `is_dynamic`, `created_at`, `updated_at`) VALUES
	(1, 'Nový rok', NULL, 'fixed:01-01', 'CZ', 'holiday', 1, NULL, 0, NULL, NULL),
	(2, 'Velký pátek', NULL, 'easter:-2', 'CZ', 'holiday', 1, NULL, 1, NULL, NULL),
	(3, 'Velikonoční pondělí', NULL, 'easter:+1', 'CZ', 'holiday', 1, NULL, 1, NULL, NULL),
	(4, 'Svátek práce', NULL, 'fixed:05-01', 'CZ', 'holiday', 1, NULL, 0, NULL, NULL),
	(5, 'Den vítězství', NULL, 'fixed:05-08', 'CZ', 'holiday', 1, NULL, 0, NULL, NULL),
	(6, 'Cyril a Metoděj', NULL, 'fixed:07-05', 'CZ', 'holiday', 1, NULL, 0, NULL, NULL),
	(7, 'Jan Hus', NULL, 'fixed:07-06', 'CZ', 'holiday', 1, NULL, 0, NULL, NULL),
	(8, 'Den české státnosti', NULL, 'fixed:09-28', 'CZ', 'holiday', 1, NULL, 0, NULL, NULL),
	(9, 'Den vzniku ČSR', NULL, 'fixed:10-28', 'CZ', 'holiday', 1, NULL, 0, NULL, NULL),
	(10, '17. listopad', NULL, 'fixed:11-17', 'CZ', 'holiday', 1, NULL, 0, NULL, NULL),
	(11, 'Štědrý den', NULL, 'fixed:12-24', 'CZ', 'holiday', 1, NULL, 0, NULL, NULL),
	(12, '1. svátek vánoční', NULL, 'fixed:12-25', 'CZ', 'holiday', 1, NULL, 0, NULL, NULL),
	(13, '2. svátek vánoční', NULL, 'fixed:12-26', 'CZ', 'holiday', 1, NULL, 0, NULL, NULL),
	(14, 'New Year’s Day', NULL, 'fixed_or_substitute:01-01', 'GB', 'holiday', 1, NULL, 1, NULL, NULL),
	(15, 'Good Friday', NULL, 'easter:-2', 'GB', 'holiday', 1, NULL, 1, NULL, NULL),
	(16, 'Easter Monday', NULL, 'easter:+1', 'GB', 'holiday', 1, NULL, 1, NULL, NULL),
	(17, 'Early May bank holiday', NULL, 'first_monday:05', 'GB', 'holiday', 1, NULL, 1, NULL, NULL),
	(18, 'Spring bank holiday', NULL, 'last_monday:05', 'GB', 'holiday', 1, NULL, 1, NULL, NULL),
	(19, 'Summer bank holiday', NULL, 'last_monday:08', 'GB', 'holiday', 1, NULL, 1, NULL, NULL),
	(20, 'Christmas Day', NULL, 'fixed_or_substitute:12-25', 'GB', 'holiday', 1, NULL, 1, NULL, NULL),
	(21, 'Boxing Day', NULL, 'fixed_or_substitute:12-26', 'GB', 'holiday', 1, NULL, 1, NULL, NULL),
	(22, 'Nový rok', NULL, 'fixed:01-01', 'CZ', 'name_day', 0, NULL, 0, NULL, NULL),
	(23, 'Karina', NULL, 'fixed:01-02', 'CZ', 'name_day', 0, NULL, 0, NULL, NULL),
	(24, 'Radmila', NULL, 'fixed:01-03', 'CZ', 'name_day', 0, NULL, 0, NULL, NULL),
	(25, 'Diana', NULL, 'fixed:01-04', 'CZ', 'name_day', 0, NULL, 0, NULL, NULL),
	(26, 'Dalimil', NULL, 'fixed:01-05', 'CZ', 'name_day', 0, NULL, 0, NULL, NULL),
	(27, 'Tři králové', NULL, 'fixed:01-06', 'CZ', 'name_day', 0, NULL, 0, NULL, NULL),
	(28, 'Vilma', NULL, 'fixed:01-07', 'CZ', 'name_day', 0, NULL, 0, NULL, NULL),
	(29, 'Čestmír', NULL, 'fixed:01-08', 'CZ', 'name_day', 0, NULL, 0, NULL, NULL),
	(30, 'Vladan', NULL, 'fixed:01-09', 'CZ', 'name_day', 0, NULL, 0, NULL, NULL),
	(31, 'Břetislav', NULL, 'fixed:01-10', 'CZ', 'name_day', 0, NULL, 0, NULL, NULL),
	(32, 'Bohdana', NULL, 'fixed:01-11', 'CZ', 'name_day', 0, NULL, 0, NULL, NULL),
	(33, 'Pravoslav', NULL, 'fixed:01-12', 'CZ', 'name_day', 0, NULL, 0, NULL, NULL),
	(34, 'Edita', NULL, 'fixed:01-13', 'CZ', 'name_day', 0, NULL, 0, NULL, NULL),
	(35, 'Radovan', NULL, 'fixed:01-14', 'CZ', 'name_day', 0, NULL, 0, NULL, NULL),
	(36, 'Alice', NULL, 'fixed:01-15', 'CZ', 'name_day', 0, NULL, 0, NULL, NULL),
	(37, 'Ctirad', NULL, 'fixed:01-16', 'CZ', 'name_day', 0, NULL, 0, NULL, NULL),
	(38, 'Drahoslav', NULL, 'fixed:01-17', 'CZ', 'name_day', 0, NULL, 0, NULL, NULL),
	(39, 'Vladislav', NULL, 'fixed:01-18', 'CZ', 'name_day', 0, NULL, 0, NULL, NULL),
	(40, 'Doubravka', NULL, 'fixed:01-19', 'CZ', 'name_day', 0, NULL, 0, NULL, NULL),
	(41, 'Ilona', NULL, 'fixed:01-20', 'CZ', 'name_day', 0, NULL, 0, NULL, NULL),
	(42, 'Běla', NULL, 'fixed:01-21', 'CZ', 'name_day', 0, NULL, 0, NULL, NULL),
	(43, 'Slavomír', NULL, 'fixed:01-22', 'CZ', 'name_day', 0, NULL, 0, NULL, NULL),
	(44, 'Zdeněk', NULL, 'fixed:01-23', 'CZ', 'name_day', 0, NULL, 0, NULL, NULL),
	(45, 'Milena', NULL, 'fixed:01-24', 'CZ', 'name_day', 0, NULL, 0, NULL, NULL),
	(46, 'Miloš', NULL, 'fixed:01-25', 'CZ', 'name_day', 0, NULL, 0, NULL, NULL),
	(47, 'Zora', NULL, 'fixed:01-26', 'CZ', 'name_day', 0, NULL, 0, NULL, NULL),
	(48, 'Ingrid', NULL, 'fixed:01-27', 'CZ', 'name_day', 0, NULL, 0, NULL, NULL),
	(49, 'Otýlie', NULL, 'fixed:01-28', 'CZ', 'name_day', 0, NULL, 0, NULL, NULL),
	(50, 'Zdislava', NULL, 'fixed:01-29', 'CZ', 'name_day', 0, NULL, 0, NULL, NULL),
	(51, 'Robin', NULL, 'fixed:01-30', 'CZ', 'name_day', 0, NULL, 0, NULL, NULL),
	(52, 'Marika', NULL, 'fixed:01-31', 'CZ', 'name_day', 0, NULL, 0, NULL, NULL),
	(53, 'Hynek', NULL, 'fixed:02-01', 'CZ', 'name_day', 0, NULL, 0, NULL, NULL),
	(54, 'Nela', NULL, 'fixed:02-02', 'CZ', 'name_day', 0, NULL, 0, NULL, NULL),
	(55, 'Blažej', NULL, 'fixed:02-03', 'CZ', 'name_day', 0, NULL, 0, NULL, NULL),
	(56, 'Jarmila', NULL, 'fixed:02-04', 'CZ', 'name_day', 0, NULL, 0, NULL, NULL),
	(57, 'Dobromila', NULL, 'fixed:02-05', 'CZ', 'name_day', 0, NULL, 0, NULL, NULL),
	(58, 'Vanda', NULL, 'fixed:02-06', 'CZ', 'name_day', 0, NULL, 0, NULL, NULL),
	(59, 'Veronika', NULL, 'fixed:02-07', 'CZ', 'name_day', 0, NULL, 0, NULL, NULL),
	(60, 'Milada', NULL, 'fixed:02-08', 'CZ', 'name_day', 0, NULL, 0, NULL, NULL),
	(61, 'Apolena', NULL, 'fixed:02-09', 'CZ', 'name_day', 0, NULL, 0, NULL, NULL),
	(62, 'Mojmír', NULL, 'fixed:02-10', 'CZ', 'name_day', 0, NULL, 0, NULL, NULL),
	(63, 'Božena', NULL, 'fixed:02-11', 'CZ', 'name_day', 0, NULL, 0, NULL, NULL),
	(64, 'Slavěna', NULL, 'fixed:02-12', 'CZ', 'name_day', 0, NULL, 0, NULL, NULL),
	(65, 'Věnceslav', NULL, 'fixed:02-13', 'CZ', 'name_day', 0, NULL, 0, NULL, NULL),
	(66, 'Valentýn', NULL, 'fixed:02-14', 'CZ', 'name_day', 0, NULL, 0, NULL, NULL),
	(67, 'Jiřina', NULL, 'fixed:02-15', 'CZ', 'name_day', 0, NULL, 0, NULL, NULL),
	(68, 'Ljuba', NULL, 'fixed:02-16', 'CZ', 'name_day', 0, NULL, 0, NULL, NULL),
	(69, 'Miloslava', NULL, 'fixed:02-17', 'CZ', 'name_day', 0, NULL, 0, NULL, NULL),
	(70, 'Gizela', NULL, 'fixed:02-18', 'CZ', 'name_day', 0, NULL, 0, NULL, NULL),
	(71, 'Patrik', NULL, 'fixed:02-19', 'CZ', 'name_day', 0, NULL, 0, NULL, NULL),
	(72, 'Oldřich', NULL, 'fixed:02-20', 'CZ', 'name_day', 0, NULL, 0, NULL, NULL),
	(73, 'Lenka', NULL, 'fixed:02-21', 'CZ', 'name_day', 0, NULL, 0, NULL, NULL),
	(74, 'Petr', NULL, 'fixed:02-22', 'CZ', 'name_day', 0, NULL, 0, NULL, NULL),
	(75, 'Svatopluk', NULL, 'fixed:02-23', 'CZ', 'name_day', 0, NULL, 0, NULL, NULL),
	(76, 'Matěj', NULL, 'fixed:02-24', 'CZ', 'name_day', 0, NULL, 0, NULL, NULL),
	(77, 'Liliana', NULL, 'fixed:02-25', 'CZ', 'name_day', 0, NULL, 0, NULL, NULL),
	(78, 'Dorota', NULL, 'fixed:02-26', 'CZ', 'name_day', 0, NULL, 0, NULL, NULL),
	(79, 'Alexandr', NULL, 'fixed:02-27', 'CZ', 'name_day', 0, NULL, 0, NULL, NULL),
	(80, 'Lumír', NULL, 'fixed:02-28', 'CZ', 'name_day', 0, NULL, 0, NULL, NULL),
	(81, 'Horymír', NULL, 'fixed:02-29', 'CZ', 'name_day', 0, NULL, 0, NULL, NULL),
	(82, 'Bedřich', NULL, 'fixed:03-01', 'CZ', 'name_day', 0, NULL, 0, NULL, NULL),
	(83, 'Anežka', NULL, 'fixed:03-02', 'CZ', 'name_day', 0, NULL, 0, NULL, NULL),
	(84, 'Kamil', NULL, 'fixed:03-03', 'CZ', 'name_day', 0, NULL, 0, NULL, NULL),
	(85, 'Stela', NULL, 'fixed:03-04', 'CZ', 'name_day', 0, NULL, 0, NULL, NULL),
	(86, 'Kazimír', NULL, 'fixed:03-05', 'CZ', 'name_day', 0, NULL, 0, NULL, NULL),
	(87, 'Miroslav', NULL, 'fixed:03-06', 'CZ', 'name_day', 0, NULL, 0, NULL, NULL),
	(88, 'Tomáš', NULL, 'fixed:03-07', 'CZ', 'name_day', 0, NULL, 0, NULL, NULL),
	(89, 'Gabriela', NULL, 'fixed:03-08', 'CZ', 'name_day', 0, NULL, 0, NULL, NULL),
	(90, 'Františka', NULL, 'fixed:03-09', 'CZ', 'name_day', 0, NULL, 0, NULL, NULL),
	(91, 'Viktorie', NULL, 'fixed:03-10', 'CZ', 'name_day', 0, NULL, 0, NULL, NULL),
	(92, 'Anděla', NULL, 'fixed:03-11', 'CZ', 'name_day', 0, NULL, 0, NULL, NULL),
	(93, 'Řehoř', NULL, 'fixed:03-12', 'CZ', 'name_day', 0, NULL, 0, NULL, NULL),
	(94, 'Růžena', NULL, 'fixed:03-13', 'CZ', 'name_day', 0, NULL, 0, NULL, NULL),
	(95, 'Rút', NULL, 'fixed:03-14', 'CZ', 'name_day', 0, NULL, 0, NULL, NULL),
	(96, 'Ida', NULL, 'fixed:03-15', 'CZ', 'name_day', 0, NULL, 0, NULL, NULL),
	(97, 'Elena', NULL, 'fixed:03-16', 'CZ', 'name_day', 0, NULL, 0, NULL, NULL),
	(98, 'Vlastimil', NULL, 'fixed:03-17', 'CZ', 'name_day', 0, NULL, 0, NULL, NULL),
	(99, 'Eduard', NULL, 'fixed:03-18', 'CZ', 'name_day', 0, NULL, 0, NULL, NULL),
	(100, 'Josef', NULL, 'fixed:03-19', 'CZ', 'name_day', 0, NULL, 0, NULL, NULL),
	(101, 'Světlana', NULL, 'fixed:03-20', 'CZ', 'name_day', 0, NULL, 0, NULL, NULL),
	(102, 'Radek', NULL, 'fixed:03-21', 'CZ', 'name_day', 0, NULL, 0, NULL, NULL),
	(103, 'Leona', NULL, 'fixed:03-22', 'CZ', 'name_day', 0, NULL, 0, NULL, NULL),
	(104, 'Ivona', NULL, 'fixed:03-23', 'CZ', 'name_day', 0, NULL, 0, NULL, NULL),
	(105, 'Gabriel', NULL, 'fixed:03-24', 'CZ', 'name_day', 0, NULL, 0, NULL, NULL),
	(106, 'Marián', NULL, 'fixed:03-25', 'CZ', 'name_day', 0, NULL, 0, NULL, NULL),
	(107, 'Emanuel', NULL, 'fixed:03-26', 'CZ', 'name_day', 0, NULL, 0, NULL, NULL),
	(108, 'Dita', NULL, 'fixed:03-27', 'CZ', 'name_day', 0, NULL, 0, NULL, NULL),
	(109, 'Soňa', NULL, 'fixed:03-28', 'CZ', 'name_day', 0, NULL, 0, NULL, NULL),
	(110, 'Taťána', NULL, 'fixed:03-29', 'CZ', 'name_day', 0, NULL, 0, NULL, NULL),
	(111, 'Arnošt', NULL, 'fixed:03-30', 'CZ', 'name_day', 0, NULL, 0, NULL, NULL),
	(112, 'Kvido', NULL, 'fixed:03-31', 'CZ', 'name_day', 0, NULL, 0, NULL, NULL),
	(113, 'Hugo', NULL, 'fixed:04-01', 'CZ', 'name_day', 0, NULL, 0, NULL, NULL),
	(114, 'Erika', NULL, 'fixed:04-02', 'CZ', 'name_day', 0, NULL, 0, NULL, NULL),
	(115, 'Richard', NULL, 'fixed:04-03', 'CZ', 'name_day', 0, NULL, 0, NULL, NULL),
	(116, 'Ivana', NULL, 'fixed:04-04', 'CZ', 'name_day', 0, NULL, 0, NULL, NULL),
	(117, 'Miroslava', NULL, 'fixed:04-05', 'CZ', 'name_day', 0, NULL, 0, NULL, NULL),
	(118, 'Vendula', NULL, 'fixed:04-06', 'CZ', 'name_day', 0, NULL, 0, NULL, NULL),
	(119, 'Heřman', NULL, 'fixed:04-07', 'CZ', 'name_day', 0, NULL, 0, NULL, NULL),
	(120, 'Ema', NULL, 'fixed:04-08', 'CZ', 'name_day', 0, NULL, 0, NULL, NULL),
	(121, 'Dušan', NULL, 'fixed:04-09', 'CZ', 'name_day', 0, NULL, 0, NULL, NULL),
	(122, 'Darja', NULL, 'fixed:04-10', 'CZ', 'name_day', 0, NULL, 0, NULL, NULL),
	(123, 'Izabela', NULL, 'fixed:04-11', 'CZ', 'name_day', 0, NULL, 0, NULL, NULL),
	(124, 'Julius', NULL, 'fixed:04-12', 'CZ', 'name_day', 0, NULL, 0, NULL, NULL),
	(125, 'Aleš', NULL, 'fixed:04-13', 'CZ', 'name_day', 0, NULL, 0, NULL, NULL),
	(126, 'Vincenc', NULL, 'fixed:04-14', 'CZ', 'name_day', 0, NULL, 0, NULL, NULL),
	(127, 'Anastázie', NULL, 'fixed:04-15', 'CZ', 'name_day', 0, NULL, 0, NULL, NULL),
	(128, 'Irena', NULL, 'fixed:04-16', 'CZ', 'name_day', 0, NULL, 0, NULL, NULL),
	(129, 'Rudolf', NULL, 'fixed:04-17', 'CZ', 'name_day', 0, NULL, 0, NULL, NULL),
	(130, 'Valérie', NULL, 'fixed:04-18', 'CZ', 'name_day', 0, NULL, 0, NULL, NULL),
	(131, 'Rostislav', NULL, 'fixed:04-19', 'CZ', 'name_day', 0, NULL, 0, NULL, NULL),
	(132, 'Marcela', NULL, 'fixed:04-20', 'CZ', 'name_day', 0, NULL, 0, NULL, NULL),
	(133, 'Alexandra', NULL, 'fixed:04-21', 'CZ', 'name_day', 0, NULL, 0, NULL, NULL),
	(134, 'Evženie', NULL, 'fixed:04-22', 'CZ', 'name_day', 0, NULL, 0, NULL, NULL),
	(135, 'Vojtěch', NULL, 'fixed:04-23', 'CZ', 'name_day', 0, NULL, 0, NULL, NULL),
	(136, 'Jiří', NULL, 'fixed:04-24', 'CZ', 'name_day', 0, NULL, 0, NULL, NULL),
	(137, 'Marek', NULL, 'fixed:04-25', 'CZ', 'name_day', 0, NULL, 0, NULL, NULL),
	(138, 'Oto', NULL, 'fixed:04-26', 'CZ', 'name_day', 0, NULL, 0, NULL, NULL),
	(139, 'Jaroslav', NULL, 'fixed:04-27', 'CZ', 'name_day', 0, NULL, 0, NULL, NULL),
	(140, 'Vlastislav', NULL, 'fixed:04-28', 'CZ', 'name_day', 0, NULL, 0, NULL, NULL),
	(141, 'Robert', NULL, 'fixed:04-29', 'CZ', 'name_day', 0, NULL, 0, NULL, NULL),
	(142, 'Blahoslav', NULL, 'fixed:04-30', 'CZ', 'name_day', 0, NULL, 0, NULL, NULL),
	(143, 'Svátek práce', NULL, 'fixed:05-01', 'CZ', 'name_day', 0, NULL, 0, NULL, NULL),
	(144, 'Zikmund', NULL, 'fixed:05-02', 'CZ', 'name_day', 0, NULL, 0, NULL, NULL),
	(145, 'Alexej', NULL, 'fixed:05-03', 'CZ', 'name_day', 0, NULL, 0, NULL, NULL),
	(146, 'Květoslav', NULL, 'fixed:05-04', 'CZ', 'name_day', 0, NULL, 0, NULL, NULL),
	(147, 'Klaudie', NULL, 'fixed:05-05', 'CZ', 'name_day', 0, NULL, 0, NULL, NULL),
	(148, 'Radoslav', NULL, 'fixed:05-06', 'CZ', 'name_day', 0, NULL, 0, NULL, NULL),
	(149, 'Stanislav', NULL, 'fixed:05-07', 'CZ', 'name_day', 0, NULL, 0, NULL, NULL),
	(150, 'Den osvobození od fašismu', NULL, 'fixed:05-08', 'CZ', 'name_day', 0, NULL, 0, NULL, NULL),
	(151, 'Ctibor', NULL, 'fixed:05-09', 'CZ', 'name_day', 0, NULL, 0, NULL, NULL),
	(152, 'Blažena', NULL, 'fixed:05-10', 'CZ', 'name_day', 0, NULL, 0, NULL, NULL),
	(153, 'Svatava', NULL, 'fixed:05-11', 'CZ', 'name_day', 0, NULL, 0, NULL, NULL),
	(154, 'Pankrác', NULL, 'fixed:05-12', 'CZ', 'name_day', 0, NULL, 0, NULL, NULL),
	(155, 'Servác', NULL, 'fixed:05-13', 'CZ', 'name_day', 0, NULL, 0, NULL, NULL),
	(156, 'Bonifác', NULL, 'fixed:05-14', 'CZ', 'name_day', 0, NULL, 0, NULL, NULL),
	(157, 'Žofie', NULL, 'fixed:05-15', 'CZ', 'name_day', 0, NULL, 0, NULL, NULL),
	(158, 'Přemysl', NULL, 'fixed:05-16', 'CZ', 'name_day', 0, NULL, 0, NULL, NULL),
	(159, 'Aneta', NULL, 'fixed:05-17', 'CZ', 'name_day', 0, NULL, 0, NULL, NULL),
	(160, 'Nataša', NULL, 'fixed:05-18', 'CZ', 'name_day', 0, NULL, 0, NULL, NULL),
	(161, 'Ivo', NULL, 'fixed:05-19', 'CZ', 'name_day', 0, NULL, 0, NULL, NULL),
	(162, 'Zbyšek', NULL, 'fixed:05-20', 'CZ', 'name_day', 0, NULL, 0, NULL, NULL),
	(163, 'Monika', NULL, 'fixed:05-21', 'CZ', 'name_day', 0, NULL, 0, NULL, NULL),
	(164, 'Emil', NULL, 'fixed:05-22', 'CZ', 'name_day', 0, NULL, 0, NULL, NULL),
	(165, 'Vladimír', NULL, 'fixed:05-23', 'CZ', 'name_day', 0, NULL, 0, NULL, NULL),
	(166, 'Jana', NULL, 'fixed:05-24', 'CZ', 'name_day', 0, NULL, 0, NULL, NULL),
	(167, 'Viola', NULL, 'fixed:05-25', 'CZ', 'name_day', 0, NULL, 0, NULL, NULL),
	(168, 'Filip', NULL, 'fixed:05-26', 'CZ', 'name_day', 0, NULL, 0, NULL, NULL),
	(169, 'Valdemar', NULL, 'fixed:05-27', 'CZ', 'name_day', 0, NULL, 0, NULL, NULL),
	(170, 'Vilém', NULL, 'fixed:05-28', 'CZ', 'name_day', 0, NULL, 0, NULL, NULL),
	(171, 'Maxmilián', NULL, 'fixed:05-29', 'CZ', 'name_day', 0, NULL, 0, NULL, NULL),
	(172, 'Ferdinand', NULL, 'fixed:05-30', 'CZ', 'name_day', 0, NULL, 0, NULL, NULL),
	(173, 'Kamila', NULL, 'fixed:05-31', 'CZ', 'name_day', 0, NULL, 0, NULL, NULL),
	(174, 'Laura', NULL, 'fixed:06-01', 'CZ', 'name_day', 0, NULL, 0, NULL, NULL),
	(175, 'Jarmil', NULL, 'fixed:06-02', 'CZ', 'name_day', 0, NULL, 0, NULL, NULL),
	(176, 'Tamara', NULL, 'fixed:06-03', 'CZ', 'name_day', 0, NULL, 0, NULL, NULL),
	(177, 'Dalibor', NULL, 'fixed:06-04', 'CZ', 'name_day', 0, NULL, 0, NULL, NULL),
	(178, 'Dobroslav', NULL, 'fixed:06-05', 'CZ', 'name_day', 0, NULL, 0, NULL, NULL),
	(179, 'Norbert', NULL, 'fixed:06-06', 'CZ', 'name_day', 0, NULL, 0, NULL, NULL),
	(180, 'Iveta', NULL, 'fixed:06-07', 'CZ', 'name_day', 0, NULL, 0, NULL, NULL),
	(181, 'Medard', NULL, 'fixed:06-08', 'CZ', 'name_day', 0, NULL, 0, NULL, NULL),
	(182, 'Stanislava', NULL, 'fixed:06-09', 'CZ', 'name_day', 0, NULL, 0, NULL, NULL),
	(183, 'Gita', NULL, 'fixed:06-10', 'CZ', 'name_day', 0, NULL, 0, NULL, NULL),
	(184, 'Bruno', NULL, 'fixed:06-11', 'CZ', 'name_day', 0, NULL, 0, NULL, NULL),
	(185, 'Antonie', NULL, 'fixed:06-12', 'CZ', 'name_day', 0, NULL, 0, NULL, NULL),
	(186, 'Antonín', NULL, 'fixed:06-13', 'CZ', 'name_day', 0, NULL, 0, NULL, NULL),
	(187, 'Roland', NULL, 'fixed:06-14', 'CZ', 'name_day', 0, NULL, 0, NULL, NULL),
	(188, 'Vít', NULL, 'fixed:06-15', 'CZ', 'name_day', 0, NULL, 0, NULL, NULL),
	(189, 'Zbyněk', NULL, 'fixed:06-16', 'CZ', 'name_day', 0, NULL, 0, NULL, NULL),
	(190, 'Adolf', NULL, 'fixed:06-17', 'CZ', 'name_day', 0, NULL, 0, NULL, NULL),
	(191, 'Milan', NULL, 'fixed:06-18', 'CZ', 'name_day', 0, NULL, 0, NULL, NULL),
	(192, 'Leoš', NULL, 'fixed:06-19', 'CZ', 'name_day', 0, NULL, 0, NULL, NULL),
	(193, 'Květa', NULL, 'fixed:06-20', 'CZ', 'name_day', 0, NULL, 0, NULL, NULL),
	(194, 'Alois', NULL, 'fixed:06-21', 'CZ', 'name_day', 0, NULL, 0, NULL, NULL),
	(195, 'Pavla', NULL, 'fixed:06-22', 'CZ', 'name_day', 0, NULL, 0, NULL, NULL),
	(196, 'Zdeňka', NULL, 'fixed:06-23', 'CZ', 'name_day', 0, NULL, 0, NULL, NULL),
	(197, 'Jan', NULL, 'fixed:06-24', 'CZ', 'name_day', 0, NULL, 0, NULL, NULL),
	(198, 'Ivan', NULL, 'fixed:06-25', 'CZ', 'name_day', 0, NULL, 0, NULL, NULL),
	(199, 'Adriana', NULL, 'fixed:06-26', 'CZ', 'name_day', 0, NULL, 0, NULL, NULL),
	(200, 'Ladislav', NULL, 'fixed:06-27', 'CZ', 'name_day', 0, NULL, 0, NULL, NULL),
	(201, 'Lubomír', NULL, 'fixed:06-28', 'CZ', 'name_day', 0, NULL, 0, NULL, NULL),
	(202, 'Petr a Pavel', NULL, 'fixed:06-29', 'CZ', 'name_day', 0, NULL, 0, NULL, NULL),
	(203, 'Šárka', NULL, 'fixed:06-30', 'CZ', 'name_day', 0, NULL, 0, NULL, NULL),
	(204, 'Jaroslava', NULL, 'fixed:07-01', 'CZ', 'name_day', 0, NULL, 0, NULL, NULL),
	(205, 'Patricie', NULL, 'fixed:07-02', 'CZ', 'name_day', 0, NULL, 0, NULL, NULL),
	(206, 'Radomír', NULL, 'fixed:07-03', 'CZ', 'name_day', 0, NULL, 0, NULL, NULL),
	(207, 'Prokop', NULL, 'fixed:07-04', 'CZ', 'name_day', 0, NULL, 0, NULL, NULL),
	(208, 'Cyril a Metoděj', NULL, 'fixed:07-05', 'CZ', 'name_day', 0, NULL, 0, NULL, NULL),
	(209, 'Jan Hus', NULL, 'fixed:07-06', 'CZ', 'name_day', 0, NULL, 0, NULL, NULL),
	(210, 'Bohuslava', NULL, 'fixed:07-07', 'CZ', 'name_day', 0, NULL, 0, NULL, NULL),
	(211, 'Nora', NULL, 'fixed:07-08', 'CZ', 'name_day', 0, NULL, 0, NULL, NULL),
	(212, 'Drahoslava', NULL, 'fixed:07-09', 'CZ', 'name_day', 0, NULL, 0, NULL, NULL),
	(213, 'Libuše', NULL, 'fixed:07-10', 'CZ', 'name_day', 0, NULL, 0, NULL, NULL),
	(214, 'Olga', NULL, 'fixed:07-11', 'CZ', 'name_day', 0, NULL, 0, NULL, NULL),
	(215, 'Bořek', NULL, 'fixed:07-12', 'CZ', 'name_day', 0, NULL, 0, NULL, NULL),
	(216, 'Markéta', NULL, 'fixed:07-13', 'CZ', 'name_day', 0, NULL, 0, NULL, NULL),
	(217, 'Karolína', NULL, 'fixed:07-14', 'CZ', 'name_day', 0, NULL, 0, NULL, NULL),
	(218, 'Jindřich', NULL, 'fixed:07-15', 'CZ', 'name_day', 0, NULL, 0, NULL, NULL),
	(219, 'Luboš', NULL, 'fixed:07-16', 'CZ', 'name_day', 0, NULL, 0, NULL, NULL),
	(220, 'Martina', NULL, 'fixed:07-17', 'CZ', 'name_day', 0, NULL, 0, NULL, NULL),
	(221, 'Drahomíra', NULL, 'fixed:07-18', 'CZ', 'name_day', 0, NULL, 0, NULL, NULL),
	(222, 'Čeněk', NULL, 'fixed:07-19', 'CZ', 'name_day', 0, NULL, 0, NULL, NULL),
	(223, 'Eliáš', NULL, 'fixed:07-20', 'CZ', 'name_day', 0, NULL, 0, NULL, NULL),
	(224, 'Vítězslav', NULL, 'fixed:07-21', 'CZ', 'name_day', 0, NULL, 0, NULL, NULL),
	(225, 'Magdaléna', NULL, 'fixed:07-22', 'CZ', 'name_day', 0, NULL, 0, NULL, NULL),
	(226, 'Libor', NULL, 'fixed:07-23', 'CZ', 'name_day', 0, NULL, 0, NULL, NULL),
	(227, 'Kristýna', NULL, 'fixed:07-24', 'CZ', 'name_day', 0, NULL, 0, NULL, NULL),
	(228, 'Jakub', NULL, 'fixed:07-25', 'CZ', 'name_day', 0, NULL, 0, NULL, NULL),
	(229, 'Anna', NULL, 'fixed:07-26', 'CZ', 'name_day', 0, NULL, 0, NULL, NULL),
	(230, 'Věroslav', NULL, 'fixed:07-27', 'CZ', 'name_day', 0, NULL, 0, NULL, NULL),
	(231, 'Viktor', NULL, 'fixed:07-28', 'CZ', 'name_day', 0, NULL, 0, NULL, NULL),
	(232, 'Marta', NULL, 'fixed:07-29', 'CZ', 'name_day', 0, NULL, 0, NULL, NULL),
	(233, 'Bořivoj', NULL, 'fixed:07-30', 'CZ', 'name_day', 0, NULL, 0, NULL, NULL),
	(234, 'Ignác', NULL, 'fixed:07-31', 'CZ', 'name_day', 0, NULL, 0, NULL, NULL),
	(235, 'Oskar', NULL, 'fixed:08-01', 'CZ', 'name_day', 0, NULL, 0, NULL, NULL),
	(236, 'Gustav', NULL, 'fixed:08-02', 'CZ', 'name_day', 0, NULL, 0, NULL, NULL),
	(237, 'Miluše', NULL, 'fixed:08-03', 'CZ', 'name_day', 0, NULL, 0, NULL, NULL),
	(238, 'Dominik', NULL, 'fixed:08-04', 'CZ', 'name_day', 0, NULL, 0, NULL, NULL),
	(239, 'Kristián', NULL, 'fixed:08-05', 'CZ', 'name_day', 0, NULL, 0, NULL, NULL),
	(240, 'Oldřiška', NULL, 'fixed:08-06', 'CZ', 'name_day', 0, NULL, 0, NULL, NULL),
	(241, 'Lada', NULL, 'fixed:08-07', 'CZ', 'name_day', 0, NULL, 0, NULL, NULL),
	(242, 'Soběslav', NULL, 'fixed:08-08', 'CZ', 'name_day', 0, NULL, 0, NULL, NULL),
	(243, 'Roman', NULL, 'fixed:08-09', 'CZ', 'name_day', 0, NULL, 0, NULL, NULL),
	(244, 'Vavřinec', NULL, 'fixed:08-10', 'CZ', 'name_day', 0, NULL, 0, NULL, NULL),
	(245, 'Zuzana', NULL, 'fixed:08-11', 'CZ', 'name_day', 0, NULL, 0, NULL, NULL),
	(246, 'Klára', NULL, 'fixed:08-12', 'CZ', 'name_day', 0, NULL, 0, NULL, NULL),
	(247, 'Alena', NULL, 'fixed:08-13', 'CZ', 'name_day', 0, NULL, 0, NULL, NULL),
	(248, 'Alan', NULL, 'fixed:08-14', 'CZ', 'name_day', 0, NULL, 0, NULL, NULL),
	(249, 'Hana', NULL, 'fixed:08-15', 'CZ', 'name_day', 0, NULL, 0, NULL, NULL),
	(250, 'Jáchym', NULL, 'fixed:08-16', 'CZ', 'name_day', 0, NULL, 0, NULL, NULL),
	(251, 'Petra', NULL, 'fixed:08-17', 'CZ', 'name_day', 0, NULL, 0, NULL, NULL),
	(252, 'Helena', NULL, 'fixed:08-18', 'CZ', 'name_day', 0, NULL, 0, NULL, NULL),
	(253, 'Ludvík', NULL, 'fixed:08-19', 'CZ', 'name_day', 0, NULL, 0, NULL, NULL),
	(254, 'Bernard', NULL, 'fixed:08-20', 'CZ', 'name_day', 0, NULL, 0, NULL, NULL),
	(255, 'Johana', NULL, 'fixed:08-21', 'CZ', 'name_day', 0, NULL, 0, NULL, NULL),
	(256, 'Bohuslav', NULL, 'fixed:08-22', 'CZ', 'name_day', 0, NULL, 0, NULL, NULL),
	(257, 'Sandra', NULL, 'fixed:08-23', 'CZ', 'name_day', 0, NULL, 0, NULL, NULL),
	(258, 'Bartoloměj', NULL, 'fixed:08-24', 'CZ', 'name_day', 0, NULL, 0, NULL, NULL),
	(259, 'Radim', NULL, 'fixed:08-25', 'CZ', 'name_day', 0, NULL, 0, NULL, NULL),
	(260, 'Luděk', NULL, 'fixed:08-26', 'CZ', 'name_day', 0, NULL, 0, NULL, NULL),
	(261, 'Otakar', NULL, 'fixed:08-27', 'CZ', 'name_day', 0, NULL, 0, NULL, NULL),
	(262, 'Augustýn', NULL, 'fixed:08-28', 'CZ', 'name_day', 0, NULL, 0, NULL, NULL),
	(263, 'Evelína', NULL, 'fixed:08-29', 'CZ', 'name_day', 0, NULL, 0, NULL, NULL),
	(264, 'Vladěna', NULL, 'fixed:08-30', 'CZ', 'name_day', 0, NULL, 0, NULL, NULL),
	(265, 'Pavlína', NULL, 'fixed:08-31', 'CZ', 'name_day', 0, NULL, 0, NULL, NULL),
	(266, 'Linda', NULL, 'fixed:09-01', 'CZ', 'name_day', 0, NULL, 0, NULL, NULL),
	(267, 'Adéla', NULL, 'fixed:09-02', 'CZ', 'name_day', 0, NULL, 0, NULL, NULL),
	(268, 'Bronislav', NULL, 'fixed:09-03', 'CZ', 'name_day', 0, NULL, 0, NULL, NULL),
	(269, 'Jindřiška', NULL, 'fixed:09-04', 'CZ', 'name_day', 0, NULL, 0, NULL, NULL),
	(270, 'Boris', NULL, 'fixed:09-05', 'CZ', 'name_day', 0, NULL, 0, NULL, NULL),
	(271, 'Boleslav', NULL, 'fixed:09-06', 'CZ', 'name_day', 0, NULL, 0, NULL, NULL),
	(272, 'Regína', NULL, 'fixed:09-07', 'CZ', 'name_day', 0, NULL, 0, NULL, NULL),
	(273, 'Mariana', NULL, 'fixed:09-08', 'CZ', 'name_day', 0, NULL, 0, NULL, NULL),
	(274, 'Daniela', NULL, 'fixed:09-09', 'CZ', 'name_day', 0, NULL, 0, NULL, NULL),
	(275, 'Irma', NULL, 'fixed:09-10', 'CZ', 'name_day', 0, NULL, 0, NULL, NULL),
	(276, 'Denis', NULL, 'fixed:09-11', 'CZ', 'name_day', 0, NULL, 0, NULL, NULL),
	(277, 'Marie', NULL, 'fixed:09-12', 'CZ', 'name_day', 0, NULL, 0, NULL, NULL),
	(278, 'Lubor', NULL, 'fixed:09-13', 'CZ', 'name_day', 0, NULL, 0, NULL, NULL),
	(279, 'Radka', NULL, 'fixed:09-14', 'CZ', 'name_day', 0, NULL, 0, NULL, NULL),
	(280, 'Jolana', NULL, 'fixed:09-15', 'CZ', 'name_day', 0, NULL, 0, NULL, NULL),
	(281, 'Ludmila', NULL, 'fixed:09-16', 'CZ', 'name_day', 0, NULL, 0, NULL, NULL),
	(282, 'Naděžda', NULL, 'fixed:09-17', 'CZ', 'name_day', 0, NULL, 0, NULL, NULL),
	(283, 'Kryštof', NULL, 'fixed:09-18', 'CZ', 'name_day', 0, NULL, 0, NULL, NULL),
	(284, 'Zita', NULL, 'fixed:09-19', 'CZ', 'name_day', 0, NULL, 0, NULL, NULL),
	(285, 'Oleg', NULL, 'fixed:09-20', 'CZ', 'name_day', 0, NULL, 0, NULL, NULL),
	(286, 'Matouš', NULL, 'fixed:09-21', 'CZ', 'name_day', 0, NULL, 0, NULL, NULL),
	(287, 'Darina', NULL, 'fixed:09-22', 'CZ', 'name_day', 0, NULL, 0, NULL, NULL),
	(288, 'Berta', NULL, 'fixed:09-23', 'CZ', 'name_day', 0, NULL, 0, NULL, NULL),
	(289, 'Jaromír', NULL, 'fixed:09-24', 'CZ', 'name_day', 0, NULL, 0, NULL, NULL),
	(290, 'Zlata', NULL, 'fixed:09-25', 'CZ', 'name_day', 0, NULL, 0, NULL, NULL),
	(291, 'Andrea', NULL, 'fixed:09-26', 'CZ', 'name_day', 0, NULL, 0, NULL, NULL),
	(292, 'Jonáš', NULL, 'fixed:09-27', 'CZ', 'name_day', 0, NULL, 0, NULL, NULL),
	(293, 'Václav', NULL, 'fixed:09-28', 'CZ', 'name_day', 0, NULL, 0, NULL, NULL),
	(294, 'Michal', NULL, 'fixed:09-29', 'CZ', 'name_day', 0, NULL, 0, NULL, NULL),
	(295, 'Jeroným', NULL, 'fixed:09-30', 'CZ', 'name_day', 0, NULL, 0, NULL, NULL),
	(296, 'Igor', NULL, 'fixed:10-01', 'CZ', 'name_day', 0, NULL, 0, NULL, NULL),
	(297, 'Olívie', NULL, 'fixed:10-02', 'CZ', 'name_day', 0, NULL, 0, NULL, NULL),
	(298, 'Bohumil', NULL, 'fixed:10-03', 'CZ', 'name_day', 0, NULL, 0, NULL, NULL),
	(299, 'František', NULL, 'fixed:10-04', 'CZ', 'name_day', 0, NULL, 0, NULL, NULL),
	(300, 'Eliška', NULL, 'fixed:10-05', 'CZ', 'name_day', 0, NULL, 0, NULL, NULL),
	(301, 'Hanuš', NULL, 'fixed:10-06', 'CZ', 'name_day', 0, NULL, 0, NULL, NULL),
	(302, 'Justýna', NULL, 'fixed:10-07', 'CZ', 'name_day', 0, NULL, 0, NULL, NULL),
	(303, 'Věra', NULL, 'fixed:10-08', 'CZ', 'name_day', 0, NULL, 0, NULL, NULL),
	(304, 'Štefan', NULL, 'fixed:10-09', 'CZ', 'name_day', 0, NULL, 0, NULL, NULL),
	(305, 'Marina', NULL, 'fixed:10-10', 'CZ', 'name_day', 0, NULL, 0, NULL, NULL),
	(306, 'Andrej', NULL, 'fixed:10-11', 'CZ', 'name_day', 0, NULL, 0, NULL, NULL),
	(307, 'Marcel', NULL, 'fixed:10-12', 'CZ', 'name_day', 0, NULL, 0, NULL, NULL),
	(308, 'Renáta', NULL, 'fixed:10-13', 'CZ', 'name_day', 0, NULL, 0, NULL, NULL),
	(309, 'Agáta', NULL, 'fixed:10-14', 'CZ', 'name_day', 0, NULL, 0, NULL, NULL),
	(310, 'Tereza', NULL, 'fixed:10-15', 'CZ', 'name_day', 0, NULL, 0, NULL, NULL),
	(311, 'Havel', NULL, 'fixed:10-16', 'CZ', 'name_day', 0, NULL, 0, NULL, NULL),
	(312, 'Hedvika', NULL, 'fixed:10-17', 'CZ', 'name_day', 0, NULL, 0, NULL, NULL),
	(313, 'Lukáš', NULL, 'fixed:10-18', 'CZ', 'name_day', 0, NULL, 0, NULL, NULL),
	(314, 'Michaela', NULL, 'fixed:10-19', 'CZ', 'name_day', 0, NULL, 0, NULL, NULL),
	(315, 'Vendelín', NULL, 'fixed:10-20', 'CZ', 'name_day', 0, NULL, 0, NULL, NULL),
	(316, 'Brigita', NULL, 'fixed:10-21', 'CZ', 'name_day', 0, NULL, 0, NULL, NULL),
	(317, 'Sabina', NULL, 'fixed:10-22', 'CZ', 'name_day', 0, NULL, 0, NULL, NULL),
	(318, 'Teodor', NULL, 'fixed:10-23', 'CZ', 'name_day', 0, NULL, 0, NULL, NULL),
	(319, 'Nina', NULL, 'fixed:10-24', 'CZ', 'name_day', 0, NULL, 0, NULL, NULL),
	(320, 'Beáta', NULL, 'fixed:10-25', 'CZ', 'name_day', 0, NULL, 0, NULL, NULL),
	(321, 'Erik', NULL, 'fixed:10-26', 'CZ', 'name_day', 0, NULL, 0, NULL, NULL),
	(322, 'Šarlota', NULL, 'fixed:10-27', 'CZ', 'name_day', 0, NULL, 0, NULL, NULL),
	(323, 'Alfréd', NULL, 'fixed:10-28', 'CZ', 'name_day', 0, NULL, 0, NULL, NULL),
	(324, 'Silvie', NULL, 'fixed:10-29', 'CZ', 'name_day', 0, NULL, 0, NULL, NULL),
	(325, 'Tadeáš', NULL, 'fixed:10-30', 'CZ', 'name_day', 0, NULL, 0, NULL, NULL),
	(326, 'Štěpánka', NULL, 'fixed:10-31', 'CZ', 'name_day', 0, NULL, 0, NULL, NULL),
	(327, 'Felix', NULL, 'fixed:11-01', 'CZ', 'name_day', 0, NULL, 0, NULL, NULL),
	(328, 'Tobiáš', NULL, 'fixed:11-02', 'CZ', 'name_day', 0, NULL, 0, NULL, NULL),
	(329, 'Hubert', NULL, 'fixed:11-03', 'CZ', 'name_day', 0, NULL, 0, NULL, NULL),
	(330, 'Karel', NULL, 'fixed:11-04', 'CZ', 'name_day', 0, NULL, 0, NULL, NULL),
	(331, 'Miriam', NULL, 'fixed:11-05', 'CZ', 'name_day', 0, NULL, 0, NULL, NULL),
	(332, 'Liběna', NULL, 'fixed:11-06', 'CZ', 'name_day', 0, NULL, 0, NULL, NULL),
	(333, 'Saskie', NULL, 'fixed:11-07', 'CZ', 'name_day', 0, NULL, 0, NULL, NULL),
	(334, 'Bohumír', NULL, 'fixed:11-08', 'CZ', 'name_day', 0, NULL, 0, NULL, NULL),
	(335, 'Bohdan', NULL, 'fixed:11-09', 'CZ', 'name_day', 0, NULL, 0, NULL, NULL),
	(336, 'Evžen', NULL, 'fixed:11-10', 'CZ', 'name_day', 0, NULL, 0, NULL, NULL),
	(337, 'Martin', NULL, 'fixed:11-11', 'CZ', 'name_day', 0, NULL, 0, NULL, NULL),
	(338, 'Benedikt', NULL, 'fixed:11-12', 'CZ', 'name_day', 0, NULL, 0, NULL, NULL),
	(339, 'Tibor', NULL, 'fixed:11-13', 'CZ', 'name_day', 0, NULL, 0, NULL, NULL),
	(340, 'Sáva', NULL, 'fixed:11-14', 'CZ', 'name_day', 0, NULL, 0, NULL, NULL),
	(341, 'Leopold', NULL, 'fixed:11-15', 'CZ', 'name_day', 0, NULL, 0, NULL, NULL),
	(342, 'Otmar', NULL, 'fixed:11-16', 'CZ', 'name_day', 0, NULL, 0, NULL, NULL),
	(343, 'Mahulena', NULL, 'fixed:11-17', 'CZ', 'name_day', 0, NULL, 0, NULL, NULL),
	(344, 'Romana', NULL, 'fixed:11-18', 'CZ', 'name_day', 0, NULL, 0, NULL, NULL),
	(345, 'Alžběta', NULL, 'fixed:11-19', 'CZ', 'name_day', 0, NULL, 0, NULL, NULL),
	(346, 'Nikola', NULL, 'fixed:11-20', 'CZ', 'name_day', 0, NULL, 0, NULL, NULL),
	(347, 'Albert', NULL, 'fixed:11-21', 'CZ', 'name_day', 0, NULL, 0, NULL, NULL),
	(348, 'Cecílie', NULL, 'fixed:11-22', 'CZ', 'name_day', 0, NULL, 0, NULL, NULL),
	(349, 'Klement', NULL, 'fixed:11-23', 'CZ', 'name_day', 0, NULL, 0, NULL, NULL),
	(350, 'Emílie', NULL, 'fixed:11-24', 'CZ', 'name_day', 0, NULL, 0, NULL, NULL),
	(351, 'Kateřina', NULL, 'fixed:11-25', 'CZ', 'name_day', 0, NULL, 0, NULL, NULL),
	(352, 'Artur', NULL, 'fixed:11-26', 'CZ', 'name_day', 0, NULL, 0, NULL, NULL),
	(353, 'Xenie', NULL, 'fixed:11-27', 'CZ', 'name_day', 0, NULL, 0, NULL, NULL),
	(354, 'René', NULL, 'fixed:11-28', 'CZ', 'name_day', 0, NULL, 0, NULL, NULL),
	(355, 'Zina', NULL, 'fixed:11-29', 'CZ', 'name_day', 0, NULL, 0, NULL, NULL),
	(356, 'Ondřej', NULL, 'fixed:11-30', 'CZ', 'name_day', 0, NULL, 0, NULL, NULL),
	(357, 'Iva', NULL, 'fixed:12-01', 'CZ', 'name_day', 0, NULL, 0, NULL, NULL),
	(358, 'Blanka', NULL, 'fixed:12-02', 'CZ', 'name_day', 0, NULL, 0, NULL, NULL),
	(359, 'Svatoslav', NULL, 'fixed:12-03', 'CZ', 'name_day', 0, NULL, 0, NULL, NULL),
	(360, 'Barbora', NULL, 'fixed:12-04', 'CZ', 'name_day', 0, NULL, 0, NULL, NULL),
	(361, 'Jitka', NULL, 'fixed:12-05', 'CZ', 'name_day', 0, NULL, 0, NULL, NULL),
	(362, 'Mikuláš', NULL, 'fixed:12-06', 'CZ', 'name_day', 0, NULL, 0, NULL, NULL),
	(363, 'Ambrož', NULL, 'fixed:12-07', 'CZ', 'name_day', 0, NULL, 0, NULL, NULL),
	(364, 'Květoslava', NULL, 'fixed:12-08', 'CZ', 'name_day', 0, NULL, 0, NULL, NULL),
	(365, 'Vratislav', NULL, 'fixed:12-09', 'CZ', 'name_day', 0, NULL, 0, NULL, NULL),
	(366, 'Julie', NULL, 'fixed:12-10', 'CZ', 'name_day', 0, NULL, 0, NULL, NULL),
	(367, 'Dana', NULL, 'fixed:12-11', 'CZ', 'name_day', 0, NULL, 0, NULL, NULL),
	(368, 'Simona', NULL, 'fixed:12-12', 'CZ', 'name_day', 0, NULL, 0, NULL, NULL),
	(369, 'Lucie', NULL, 'fixed:12-13', 'CZ', 'name_day', 0, NULL, 0, NULL, NULL),
	(370, 'Lýdie', NULL, 'fixed:12-14', 'CZ', 'name_day', 0, NULL, 0, NULL, NULL),
	(371, 'Radana', NULL, 'fixed:12-15', 'CZ', 'name_day', 0, NULL, 0, NULL, NULL),
	(372, 'Albína', NULL, 'fixed:12-16', 'CZ', 'name_day', 0, NULL, 0, NULL, NULL),
	(373, 'Daniel', NULL, 'fixed:12-17', 'CZ', 'name_day', 0, NULL, 0, NULL, NULL),
	(374, 'Miloslav', NULL, 'fixed:12-18', 'CZ', 'name_day', 0, NULL, 0, NULL, NULL),
	(375, 'Ester', NULL, 'fixed:12-19', 'CZ', 'name_day', 0, NULL, 0, NULL, NULL),
	(376, 'Dagmar', NULL, 'fixed:12-20', 'CZ', 'name_day', 0, NULL, 0, NULL, NULL),
	(377, 'Natálie', NULL, 'fixed:12-21', 'CZ', 'name_day', 0, NULL, 0, NULL, NULL),
	(378, 'Šimon', NULL, 'fixed:12-22', 'CZ', 'name_day', 0, NULL, 0, NULL, NULL),
	(379, 'Vlasta', NULL, 'fixed:12-23', 'CZ', 'name_day', 0, NULL, 0, NULL, NULL),
	(380, 'Adam a Eva', NULL, 'fixed:12-24', 'CZ', 'name_day', 0, NULL, 0, NULL, NULL),
	(381, 'Boží hod vánoční', NULL, 'fixed:12-25', 'CZ', 'name_day', 0, NULL, 0, NULL, NULL),
	(382, 'Štěpán', NULL, 'fixed:12-26', 'CZ', 'name_day', 0, NULL, 0, NULL, NULL),
	(383, 'Žaneta', NULL, 'fixed:12-27', 'CZ', 'name_day', 0, NULL, 0, NULL, NULL),
	(384, 'Bohumila', NULL, 'fixed:12-28', 'CZ', 'name_day', 0, NULL, 0, NULL, NULL),
	(385, 'Judita', NULL, 'fixed:12-29', 'CZ', 'name_day', 0, NULL, 0, NULL, NULL),
	(386, 'David', NULL, 'fixed:12-30', 'CZ', 'name_day', 0, NULL, 0, NULL, NULL),
	(387, 'Silvestr', NULL, 'fixed:12-31', 'CZ', 'name_day', 0, NULL, 0, NULL, NULL),
	(388, 'Nový rok', NULL, 'fixed:01-01', 'CZ', 'name_day', 0, NULL, 0, NULL, NULL),
	(389, 'Karina', NULL, 'fixed:01-02', 'CZ', 'name_day', 0, NULL, 0, NULL, NULL),
	(390, 'Radmila', NULL, 'fixed:01-03', 'CZ', 'name_day', 0, NULL, 0, NULL, NULL),
	(391, 'Diana', NULL, 'fixed:01-04', 'CZ', 'name_day', 0, NULL, 0, NULL, NULL),
	(392, 'Dalimil', NULL, 'fixed:01-05', 'CZ', 'name_day', 0, NULL, 0, NULL, NULL),
	(393, 'Tři králové', NULL, 'fixed:01-06', 'CZ', 'name_day', 0, NULL, 0, NULL, NULL),
	(394, 'Vilma', NULL, 'fixed:01-07', 'CZ', 'name_day', 0, NULL, 0, NULL, NULL),
	(395, 'Čestmír', NULL, 'fixed:01-08', 'CZ', 'name_day', 0, NULL, 0, NULL, NULL),
	(396, 'Vladan', NULL, 'fixed:01-09', 'CZ', 'name_day', 0, NULL, 0, NULL, NULL),
	(397, 'Břetislav', NULL, 'fixed:01-10', 'CZ', 'name_day', 0, NULL, 0, NULL, NULL),
	(398, 'Bohdana', NULL, 'fixed:01-11', 'CZ', 'name_day', 0, NULL, 0, NULL, NULL),
	(399, 'Pravoslav', NULL, 'fixed:01-12', 'CZ', 'name_day', 0, NULL, 0, NULL, NULL),
	(400, 'Edita', NULL, 'fixed:01-13', 'CZ', 'name_day', 0, NULL, 0, NULL, NULL),
	(401, 'Radovan', NULL, 'fixed:01-14', 'CZ', 'name_day', 0, NULL, 0, NULL, NULL),
	(402, 'Alice', NULL, 'fixed:01-15', 'CZ', 'name_day', 0, NULL, 0, NULL, NULL),
	(403, 'Ctirad', NULL, 'fixed:01-16', 'CZ', 'name_day', 0, NULL, 0, NULL, NULL),
	(404, 'Drahoslav', NULL, 'fixed:01-17', 'CZ', 'name_day', 0, NULL, 0, NULL, NULL),
	(405, 'Vladislav', NULL, 'fixed:01-18', 'CZ', 'name_day', 0, NULL, 0, NULL, NULL),
	(406, 'Doubravka', NULL, 'fixed:01-19', 'CZ', 'name_day', 0, NULL, 0, NULL, NULL),
	(407, 'Ilona', NULL, 'fixed:01-20', 'CZ', 'name_day', 0, NULL, 0, NULL, NULL),
	(408, 'Běla', NULL, 'fixed:01-21', 'CZ', 'name_day', 0, NULL, 0, NULL, NULL),
	(409, 'Slavomír', NULL, 'fixed:01-22', 'CZ', 'name_day', 0, NULL, 0, NULL, NULL),
	(410, 'Zdeněk', NULL, 'fixed:01-23', 'CZ', 'name_day', 0, NULL, 0, NULL, NULL),
	(411, 'Milena', NULL, 'fixed:01-24', 'CZ', 'name_day', 0, NULL, 0, NULL, NULL),
	(412, 'Miloš', NULL, 'fixed:01-25', 'CZ', 'name_day', 0, NULL, 0, NULL, NULL),
	(413, 'Zora', NULL, 'fixed:01-26', 'CZ', 'name_day', 0, NULL, 0, NULL, NULL),
	(414, 'Ingrid', NULL, 'fixed:01-27', 'CZ', 'name_day', 0, NULL, 0, NULL, NULL),
	(415, 'Otýlie', NULL, 'fixed:01-28', 'CZ', 'name_day', 0, NULL, 0, NULL, NULL),
	(416, 'Zdislava', NULL, 'fixed:01-29', 'CZ', 'name_day', 0, NULL, 0, NULL, NULL),
	(417, 'Robin', NULL, 'fixed:01-30', 'CZ', 'name_day', 0, NULL, 0, NULL, NULL),
	(418, 'Marika', NULL, 'fixed:01-31', 'CZ', 'name_day', 0, NULL, 0, NULL, NULL),
	(419, 'Hynek', NULL, 'fixed:02-01', 'CZ', 'name_day', 0, NULL, 0, NULL, NULL),
	(420, 'Nela', NULL, 'fixed:02-02', 'CZ', 'name_day', 0, NULL, 0, NULL, NULL),
	(421, 'Blažej', NULL, 'fixed:02-03', 'CZ', 'name_day', 0, NULL, 0, NULL, NULL),
	(422, 'Jarmila', NULL, 'fixed:02-04', 'CZ', 'name_day', 0, NULL, 0, NULL, NULL),
	(423, 'Dobromila', NULL, 'fixed:02-05', 'CZ', 'name_day', 0, NULL, 0, NULL, NULL),
	(424, 'Vanda', NULL, 'fixed:02-06', 'CZ', 'name_day', 0, NULL, 0, NULL, NULL),
	(425, 'Veronika', NULL, 'fixed:02-07', 'CZ', 'name_day', 0, NULL, 0, NULL, NULL),
	(426, 'Milada', NULL, 'fixed:02-08', 'CZ', 'name_day', 0, NULL, 0, NULL, NULL),
	(427, 'Apolena', NULL, 'fixed:02-09', 'CZ', 'name_day', 0, NULL, 0, NULL, NULL),
	(428, 'Mojmír', NULL, 'fixed:02-10', 'CZ', 'name_day', 0, NULL, 0, NULL, NULL),
	(429, 'Božena', NULL, 'fixed:02-11', 'CZ', 'name_day', 0, NULL, 0, NULL, NULL),
	(430, 'Slavěna', NULL, 'fixed:02-12', 'CZ', 'name_day', 0, NULL, 0, NULL, NULL),
	(431, 'Věnceslav', NULL, 'fixed:02-13', 'CZ', 'name_day', 0, NULL, 0, NULL, NULL),
	(432, 'Valentýn', NULL, 'fixed:02-14', 'CZ', 'name_day', 0, NULL, 0, NULL, NULL),
	(433, 'Jiřina', NULL, 'fixed:02-15', 'CZ', 'name_day', 0, NULL, 0, NULL, NULL),
	(434, 'Ljuba', NULL, 'fixed:02-16', 'CZ', 'name_day', 0, NULL, 0, NULL, NULL),
	(435, 'Miloslava', NULL, 'fixed:02-17', 'CZ', 'name_day', 0, NULL, 0, NULL, NULL),
	(436, 'Gizela', NULL, 'fixed:02-18', 'CZ', 'name_day', 0, NULL, 0, NULL, NULL),
	(437, 'Patrik', NULL, 'fixed:02-19', 'CZ', 'name_day', 0, NULL, 0, NULL, NULL),
	(438, 'Oldřich', NULL, 'fixed:02-20', 'CZ', 'name_day', 0, NULL, 0, NULL, NULL),
	(439, 'Lenka', NULL, 'fixed:02-21', 'CZ', 'name_day', 0, NULL, 0, NULL, NULL),
	(440, 'Petr', NULL, 'fixed:02-22', 'CZ', 'name_day', 0, NULL, 0, NULL, NULL),
	(441, 'Svatopluk', NULL, 'fixed:02-23', 'CZ', 'name_day', 0, NULL, 0, NULL, NULL),
	(442, 'Matěj', NULL, 'fixed:02-24', 'CZ', 'name_day', 0, NULL, 0, NULL, NULL),
	(443, 'Liliana', NULL, 'fixed:02-25', 'CZ', 'name_day', 0, NULL, 0, NULL, NULL),
	(444, 'Dorota', NULL, 'fixed:02-26', 'CZ', 'name_day', 0, NULL, 0, NULL, NULL),
	(445, 'Alexandr', NULL, 'fixed:02-27', 'CZ', 'name_day', 0, NULL, 0, NULL, NULL),
	(446, 'Lumír', NULL, 'fixed:02-28', 'CZ', 'name_day', 0, NULL, 0, NULL, NULL),
	(447, 'Horymír', NULL, 'fixed:02-29', 'CZ', 'name_day', 0, NULL, 0, NULL, NULL),
	(448, 'Bedřich', NULL, 'fixed:03-01', 'CZ', 'name_day', 0, NULL, 0, NULL, NULL),
	(449, 'Anežka', NULL, 'fixed:03-02', 'CZ', 'name_day', 0, NULL, 0, NULL, NULL),
	(450, 'Kamil', NULL, 'fixed:03-03', 'CZ', 'name_day', 0, NULL, 0, NULL, NULL),
	(451, 'Stela', NULL, 'fixed:03-04', 'CZ', 'name_day', 0, NULL, 0, NULL, NULL),
	(452, 'Kazimír', NULL, 'fixed:03-05', 'CZ', 'name_day', 0, NULL, 0, NULL, NULL),
	(453, 'Miroslav', NULL, 'fixed:03-06', 'CZ', 'name_day', 0, NULL, 0, NULL, NULL),
	(454, 'Tomáš', NULL, 'fixed:03-07', 'CZ', 'name_day', 0, NULL, 0, NULL, NULL),
	(455, 'Gabriela', NULL, 'fixed:03-08', 'CZ', 'name_day', 0, NULL, 0, NULL, NULL),
	(456, 'Františka', NULL, 'fixed:03-09', 'CZ', 'name_day', 0, NULL, 0, NULL, NULL),
	(457, 'Viktorie', NULL, 'fixed:03-10', 'CZ', 'name_day', 0, NULL, 0, NULL, NULL),
	(458, 'Anděla', NULL, 'fixed:03-11', 'CZ', 'name_day', 0, NULL, 0, NULL, NULL),
	(459, 'Řehoř', NULL, 'fixed:03-12', 'CZ', 'name_day', 0, NULL, 0, NULL, NULL),
	(460, 'Růžena', NULL, 'fixed:03-13', 'CZ', 'name_day', 0, NULL, 0, NULL, NULL),
	(461, 'Rút', NULL, 'fixed:03-14', 'CZ', 'name_day', 0, NULL, 0, NULL, NULL),
	(462, 'Ida', NULL, 'fixed:03-15', 'CZ', 'name_day', 0, NULL, 0, NULL, NULL),
	(463, 'Elena', NULL, 'fixed:03-16', 'CZ', 'name_day', 0, NULL, 0, NULL, NULL),
	(464, 'Vlastimil', NULL, 'fixed:03-17', 'CZ', 'name_day', 0, NULL, 0, NULL, NULL),
	(465, 'Eduard', NULL, 'fixed:03-18', 'CZ', 'name_day', 0, NULL, 0, NULL, NULL),
	(466, 'Josef', NULL, 'fixed:03-19', 'CZ', 'name_day', 0, NULL, 0, NULL, NULL),
	(467, 'Světlana', NULL, 'fixed:03-20', 'CZ', 'name_day', 0, NULL, 0, NULL, NULL),
	(468, 'Radek', NULL, 'fixed:03-21', 'CZ', 'name_day', 0, NULL, 0, NULL, NULL),
	(469, 'Leona', NULL, 'fixed:03-22', 'CZ', 'name_day', 0, NULL, 0, NULL, NULL),
	(470, 'Ivona', NULL, 'fixed:03-23', 'CZ', 'name_day', 0, NULL, 0, NULL, NULL),
	(471, 'Gabriel', NULL, 'fixed:03-24', 'CZ', 'name_day', 0, NULL, 0, NULL, NULL),
	(472, 'Marián', NULL, 'fixed:03-25', 'CZ', 'name_day', 0, NULL, 0, NULL, NULL),
	(473, 'Emanuel', NULL, 'fixed:03-26', 'CZ', 'name_day', 0, NULL, 0, NULL, NULL),
	(474, 'Dita', NULL, 'fixed:03-27', 'CZ', 'name_day', 0, NULL, 0, NULL, NULL),
	(475, 'Soňa', NULL, 'fixed:03-28', 'CZ', 'name_day', 0, NULL, 0, NULL, NULL),
	(476, 'Taťána', NULL, 'fixed:03-29', 'CZ', 'name_day', 0, NULL, 0, NULL, NULL),
	(477, 'Arnošt', NULL, 'fixed:03-30', 'CZ', 'name_day', 0, NULL, 0, NULL, NULL),
	(478, 'Kvido', NULL, 'fixed:03-31', 'CZ', 'name_day', 0, NULL, 0, NULL, NULL),
	(479, 'Hugo', NULL, 'fixed:04-01', 'CZ', 'name_day', 0, NULL, 0, NULL, NULL),
	(480, 'Erika', NULL, 'fixed:04-02', 'CZ', 'name_day', 0, NULL, 0, NULL, NULL),
	(481, 'Richard', NULL, 'fixed:04-03', 'CZ', 'name_day', 0, NULL, 0, NULL, NULL),
	(482, 'Ivana', NULL, 'fixed:04-04', 'CZ', 'name_day', 0, NULL, 0, NULL, NULL),
	(483, 'Miroslava', NULL, 'fixed:04-05', 'CZ', 'name_day', 0, NULL, 0, NULL, NULL),
	(484, 'Vendula', NULL, 'fixed:04-06', 'CZ', 'name_day', 0, NULL, 0, NULL, NULL),
	(485, 'Heřman', NULL, 'fixed:04-07', 'CZ', 'name_day', 0, NULL, 0, NULL, NULL),
	(486, 'Ema', NULL, 'fixed:04-08', 'CZ', 'name_day', 0, NULL, 0, NULL, NULL),
	(487, 'Dušan', NULL, 'fixed:04-09', 'CZ', 'name_day', 0, NULL, 0, NULL, NULL),
	(488, 'Darja', NULL, 'fixed:04-10', 'CZ', 'name_day', 0, NULL, 0, NULL, NULL),
	(489, 'Izabela', NULL, 'fixed:04-11', 'CZ', 'name_day', 0, NULL, 0, NULL, NULL),
	(490, 'Julius', NULL, 'fixed:04-12', 'CZ', 'name_day', 0, NULL, 0, NULL, NULL),
	(491, 'Aleš', NULL, 'fixed:04-13', 'CZ', 'name_day', 0, NULL, 0, NULL, NULL),
	(492, 'Vincenc', NULL, 'fixed:04-14', 'CZ', 'name_day', 0, NULL, 0, NULL, NULL),
	(493, 'Anastázie', NULL, 'fixed:04-15', 'CZ', 'name_day', 0, NULL, 0, NULL, NULL),
	(494, 'Irena', NULL, 'fixed:04-16', 'CZ', 'name_day', 0, NULL, 0, NULL, NULL),
	(495, 'Rudolf', NULL, 'fixed:04-17', 'CZ', 'name_day', 0, NULL, 0, NULL, NULL),
	(496, 'Valérie', NULL, 'fixed:04-18', 'CZ', 'name_day', 0, NULL, 0, NULL, NULL),
	(497, 'Rostislav', NULL, 'fixed:04-19', 'CZ', 'name_day', 0, NULL, 0, NULL, NULL),
	(498, 'Marcela', NULL, 'fixed:04-20', 'CZ', 'name_day', 0, NULL, 0, NULL, NULL),
	(499, 'Alexandra', NULL, 'fixed:04-21', 'CZ', 'name_day', 0, NULL, 0, NULL, NULL),
	(500, 'Evženie', NULL, 'fixed:04-22', 'CZ', 'name_day', 0, NULL, 0, NULL, NULL),
	(501, 'Vojtěch', NULL, 'fixed:04-23', 'CZ', 'name_day', 0, NULL, 0, NULL, NULL),
	(502, 'Jiří', NULL, 'fixed:04-24', 'CZ', 'name_day', 0, NULL, 0, NULL, NULL),
	(503, 'Marek', NULL, 'fixed:04-25', 'CZ', 'name_day', 0, NULL, 0, NULL, NULL),
	(504, 'Oto', NULL, 'fixed:04-26', 'CZ', 'name_day', 0, NULL, 0, NULL, NULL),
	(505, 'Jaroslav', NULL, 'fixed:04-27', 'CZ', 'name_day', 0, NULL, 0, NULL, NULL),
	(506, 'Vlastislav', NULL, 'fixed:04-28', 'CZ', 'name_day', 0, NULL, 0, NULL, NULL),
	(507, 'Robert', NULL, 'fixed:04-29', 'CZ', 'name_day', 0, NULL, 0, NULL, NULL),
	(508, 'Blahoslav', NULL, 'fixed:04-30', 'CZ', 'name_day', 0, NULL, 0, NULL, NULL),
	(509, 'Svátek práce', NULL, 'fixed:05-01', 'CZ', 'name_day', 0, NULL, 0, NULL, NULL),
	(510, 'Zikmund', NULL, 'fixed:05-02', 'CZ', 'name_day', 0, NULL, 0, NULL, NULL),
	(511, 'Alexej', NULL, 'fixed:05-03', 'CZ', 'name_day', 0, NULL, 0, NULL, NULL),
	(512, 'Květoslav', NULL, 'fixed:05-04', 'CZ', 'name_day', 0, NULL, 0, NULL, NULL),
	(513, 'Klaudie', NULL, 'fixed:05-05', 'CZ', 'name_day', 0, NULL, 0, NULL, NULL),
	(514, 'Radoslav', NULL, 'fixed:05-06', 'CZ', 'name_day', 0, NULL, 0, NULL, NULL),
	(515, 'Stanislav', NULL, 'fixed:05-07', 'CZ', 'name_day', 0, NULL, 0, NULL, NULL),
	(516, 'Den osvobození od fašismu', NULL, 'fixed:05-08', 'CZ', 'name_day', 0, NULL, 0, NULL, NULL),
	(517, 'Ctibor', NULL, 'fixed:05-09', 'CZ', 'name_day', 0, NULL, 0, NULL, NULL),
	(518, 'Blažena', NULL, 'fixed:05-10', 'CZ', 'name_day', 0, NULL, 0, NULL, NULL),
	(519, 'Svatava', NULL, 'fixed:05-11', 'CZ', 'name_day', 0, NULL, 0, NULL, NULL),
	(520, 'Pankrác', NULL, 'fixed:05-12', 'CZ', 'name_day', 0, NULL, 0, NULL, NULL),
	(521, 'Servác', NULL, 'fixed:05-13', 'CZ', 'name_day', 0, NULL, 0, NULL, NULL),
	(522, 'Bonifác', NULL, 'fixed:05-14', 'CZ', 'name_day', 0, NULL, 0, NULL, NULL),
	(523, 'Žofie', NULL, 'fixed:05-15', 'CZ', 'name_day', 0, NULL, 0, NULL, NULL),
	(524, 'Přemysl', NULL, 'fixed:05-16', 'CZ', 'name_day', 0, NULL, 0, NULL, NULL),
	(525, 'Aneta', NULL, 'fixed:05-17', 'CZ', 'name_day', 0, NULL, 0, NULL, NULL),
	(526, 'Nataša', NULL, 'fixed:05-18', 'CZ', 'name_day', 0, NULL, 0, NULL, NULL),
	(527, 'Ivo', NULL, 'fixed:05-19', 'CZ', 'name_day', 0, NULL, 0, NULL, NULL),
	(528, 'Zbyšek', NULL, 'fixed:05-20', 'CZ', 'name_day', 0, NULL, 0, NULL, NULL),
	(529, 'Monika', NULL, 'fixed:05-21', 'CZ', 'name_day', 0, NULL, 0, NULL, NULL),
	(530, 'Emil', NULL, 'fixed:05-22', 'CZ', 'name_day', 0, NULL, 0, NULL, NULL),
	(531, 'Vladimír', NULL, 'fixed:05-23', 'CZ', 'name_day', 0, NULL, 0, NULL, NULL),
	(532, 'Jana', NULL, 'fixed:05-24', 'CZ', 'name_day', 0, NULL, 0, NULL, NULL),
	(533, 'Viola', NULL, 'fixed:05-25', 'CZ', 'name_day', 0, NULL, 0, NULL, NULL),
	(534, 'Filip', NULL, 'fixed:05-26', 'CZ', 'name_day', 0, NULL, 0, NULL, NULL),
	(535, 'Valdemar', NULL, 'fixed:05-27', 'CZ', 'name_day', 0, NULL, 0, NULL, NULL),
	(536, 'Vilém', NULL, 'fixed:05-28', 'CZ', 'name_day', 0, NULL, 0, NULL, NULL),
	(537, 'Maxmilián', NULL, 'fixed:05-29', 'CZ', 'name_day', 0, NULL, 0, NULL, NULL),
	(538, 'Ferdinand', NULL, 'fixed:05-30', 'CZ', 'name_day', 0, NULL, 0, NULL, NULL),
	(539, 'Kamila', NULL, 'fixed:05-31', 'CZ', 'name_day', 0, NULL, 0, NULL, NULL),
	(540, 'Laura', NULL, 'fixed:06-01', 'CZ', 'name_day', 0, NULL, 0, NULL, NULL),
	(541, 'Jarmil', NULL, 'fixed:06-02', 'CZ', 'name_day', 0, NULL, 0, NULL, NULL),
	(542, 'Tamara', NULL, 'fixed:06-03', 'CZ', 'name_day', 0, NULL, 0, NULL, NULL),
	(543, 'Dalibor', NULL, 'fixed:06-04', 'CZ', 'name_day', 0, NULL, 0, NULL, NULL),
	(544, 'Dobroslav', NULL, 'fixed:06-05', 'CZ', 'name_day', 0, NULL, 0, NULL, NULL),
	(545, 'Norbert', NULL, 'fixed:06-06', 'CZ', 'name_day', 0, NULL, 0, NULL, NULL),
	(546, 'Iveta', NULL, 'fixed:06-07', 'CZ', 'name_day', 0, NULL, 0, NULL, NULL),
	(547, 'Medard', NULL, 'fixed:06-08', 'CZ', 'name_day', 0, NULL, 0, NULL, NULL),
	(548, 'Stanislava', NULL, 'fixed:06-09', 'CZ', 'name_day', 0, NULL, 0, NULL, NULL),
	(549, 'Gita', NULL, 'fixed:06-10', 'CZ', 'name_day', 0, NULL, 0, NULL, NULL),
	(550, 'Bruno', NULL, 'fixed:06-11', 'CZ', 'name_day', 0, NULL, 0, NULL, NULL),
	(551, 'Antonie', NULL, 'fixed:06-12', 'CZ', 'name_day', 0, NULL, 0, NULL, NULL),
	(552, 'Antonín', NULL, 'fixed:06-13', 'CZ', 'name_day', 0, NULL, 0, NULL, NULL),
	(553, 'Roland', NULL, 'fixed:06-14', 'CZ', 'name_day', 0, NULL, 0, NULL, NULL),
	(554, 'Vít', NULL, 'fixed:06-15', 'CZ', 'name_day', 0, NULL, 0, NULL, NULL),
	(555, 'Zbyněk', NULL, 'fixed:06-16', 'CZ', 'name_day', 0, NULL, 0, NULL, NULL),
	(556, 'Adolf', NULL, 'fixed:06-17', 'CZ', 'name_day', 0, NULL, 0, NULL, NULL),
	(557, 'Milan', NULL, 'fixed:06-18', 'CZ', 'name_day', 0, NULL, 0, NULL, NULL),
	(558, 'Leoš', NULL, 'fixed:06-19', 'CZ', 'name_day', 0, NULL, 0, NULL, NULL),
	(559, 'Květa', NULL, 'fixed:06-20', 'CZ', 'name_day', 0, NULL, 0, NULL, NULL),
	(560, 'Alois', NULL, 'fixed:06-21', 'CZ', 'name_day', 0, NULL, 0, NULL, NULL),
	(561, 'Pavla', NULL, 'fixed:06-22', 'CZ', 'name_day', 0, NULL, 0, NULL, NULL),
	(562, 'Zdeňka', NULL, 'fixed:06-23', 'CZ', 'name_day', 0, NULL, 0, NULL, NULL),
	(563, 'Jan', NULL, 'fixed:06-24', 'CZ', 'name_day', 0, NULL, 0, NULL, NULL),
	(564, 'Ivan', NULL, 'fixed:06-25', 'CZ', 'name_day', 0, NULL, 0, NULL, NULL),
	(565, 'Adriana', NULL, 'fixed:06-26', 'CZ', 'name_day', 0, NULL, 0, NULL, NULL),
	(566, 'Ladislav', NULL, 'fixed:06-27', 'CZ', 'name_day', 0, NULL, 0, NULL, NULL),
	(567, 'Lubomír', NULL, 'fixed:06-28', 'CZ', 'name_day', 0, NULL, 0, NULL, NULL),
	(568, 'Petr a Pavel', NULL, 'fixed:06-29', 'CZ', 'name_day', 0, NULL, 0, NULL, NULL),
	(569, 'Šárka', NULL, 'fixed:06-30', 'CZ', 'name_day', 0, NULL, 0, NULL, NULL),
	(570, 'Jaroslava', NULL, 'fixed:07-01', 'CZ', 'name_day', 0, NULL, 0, NULL, NULL),
	(571, 'Patricie', NULL, 'fixed:07-02', 'CZ', 'name_day', 0, NULL, 0, NULL, NULL),
	(572, 'Radomír', NULL, 'fixed:07-03', 'CZ', 'name_day', 0, NULL, 0, NULL, NULL),
	(573, 'Prokop', NULL, 'fixed:07-04', 'CZ', 'name_day', 0, NULL, 0, NULL, NULL),
	(574, 'Cyril a Metoděj', NULL, 'fixed:07-05', 'CZ', 'name_day', 0, NULL, 0, NULL, NULL),
	(575, 'Jan Hus', NULL, 'fixed:07-06', 'CZ', 'name_day', 0, NULL, 0, NULL, NULL),
	(576, 'Bohuslava', NULL, 'fixed:07-07', 'CZ', 'name_day', 0, NULL, 0, NULL, NULL),
	(577, 'Nora', NULL, 'fixed:07-08', 'CZ', 'name_day', 0, NULL, 0, NULL, NULL),
	(578, 'Drahoslava', NULL, 'fixed:07-09', 'CZ', 'name_day', 0, NULL, 0, NULL, NULL),
	(579, 'Libuše', NULL, 'fixed:07-10', 'CZ', 'name_day', 0, NULL, 0, NULL, NULL),
	(580, 'Olga', NULL, 'fixed:07-11', 'CZ', 'name_day', 0, NULL, 0, NULL, NULL),
	(581, 'Bořek', NULL, 'fixed:07-12', 'CZ', 'name_day', 0, NULL, 0, NULL, NULL),
	(582, 'Markéta', NULL, 'fixed:07-13', 'CZ', 'name_day', 0, NULL, 0, NULL, NULL),
	(583, 'Karolína', NULL, 'fixed:07-14', 'CZ', 'name_day', 0, NULL, 0, NULL, NULL),
	(584, 'Jindřich', NULL, 'fixed:07-15', 'CZ', 'name_day', 0, NULL, 0, NULL, NULL),
	(585, 'Luboš', NULL, 'fixed:07-16', 'CZ', 'name_day', 0, NULL, 0, NULL, NULL),
	(586, 'Martina', NULL, 'fixed:07-17', 'CZ', 'name_day', 0, NULL, 0, NULL, NULL),
	(587, 'Drahomíra', NULL, 'fixed:07-18', 'CZ', 'name_day', 0, NULL, 0, NULL, NULL),
	(588, 'Čeněk', NULL, 'fixed:07-19', 'CZ', 'name_day', 0, NULL, 0, NULL, NULL),
	(589, 'Eliáš', NULL, 'fixed:07-20', 'CZ', 'name_day', 0, NULL, 0, NULL, NULL),
	(590, 'Vítězslav', NULL, 'fixed:07-21', 'CZ', 'name_day', 0, NULL, 0, NULL, NULL),
	(591, 'Magdaléna', NULL, 'fixed:07-22', 'CZ', 'name_day', 0, NULL, 0, NULL, NULL),
	(592, 'Libor', NULL, 'fixed:07-23', 'CZ', 'name_day', 0, NULL, 0, NULL, NULL),
	(593, 'Kristýna', NULL, 'fixed:07-24', 'CZ', 'name_day', 0, NULL, 0, NULL, NULL),
	(594, 'Jakub', NULL, 'fixed:07-25', 'CZ', 'name_day', 0, NULL, 0, NULL, NULL),
	(595, 'Anna', NULL, 'fixed:07-26', 'CZ', 'name_day', 0, NULL, 0, NULL, NULL),
	(596, 'Věroslav', NULL, 'fixed:07-27', 'CZ', 'name_day', 0, NULL, 0, NULL, NULL),
	(597, 'Viktor', NULL, 'fixed:07-28', 'CZ', 'name_day', 0, NULL, 0, NULL, NULL),
	(598, 'Marta', NULL, 'fixed:07-29', 'CZ', 'name_day', 0, NULL, 0, NULL, NULL),
	(599, 'Bořivoj', NULL, 'fixed:07-30', 'CZ', 'name_day', 0, NULL, 0, NULL, NULL),
	(600, 'Ignác', NULL, 'fixed:07-31', 'CZ', 'name_day', 0, NULL, 0, NULL, NULL),
	(601, 'Oskar', NULL, 'fixed:08-01', 'CZ', 'name_day', 0, NULL, 0, NULL, NULL),
	(602, 'Gustav', NULL, 'fixed:08-02', 'CZ', 'name_day', 0, NULL, 0, NULL, NULL),
	(603, 'Miluše', NULL, 'fixed:08-03', 'CZ', 'name_day', 0, NULL, 0, NULL, NULL),
	(604, 'Dominik', NULL, 'fixed:08-04', 'CZ', 'name_day', 0, NULL, 0, NULL, NULL),
	(605, 'Kristián', NULL, 'fixed:08-05', 'CZ', 'name_day', 0, NULL, 0, NULL, NULL),
	(606, 'Oldřiška', NULL, 'fixed:08-06', 'CZ', 'name_day', 0, NULL, 0, NULL, NULL),
	(607, 'Lada', NULL, 'fixed:08-07', 'CZ', 'name_day', 0, NULL, 0, NULL, NULL),
	(608, 'Soběslav', NULL, 'fixed:08-08', 'CZ', 'name_day', 0, NULL, 0, NULL, NULL),
	(609, 'Roman', NULL, 'fixed:08-09', 'CZ', 'name_day', 0, NULL, 0, NULL, NULL),
	(610, 'Vavřinec', NULL, 'fixed:08-10', 'CZ', 'name_day', 0, NULL, 0, NULL, NULL),
	(611, 'Zuzana', NULL, 'fixed:08-11', 'CZ', 'name_day', 0, NULL, 0, NULL, NULL),
	(612, 'Klára', NULL, 'fixed:08-12', 'CZ', 'name_day', 0, NULL, 0, NULL, NULL),
	(613, 'Alena', NULL, 'fixed:08-13', 'CZ', 'name_day', 0, NULL, 0, NULL, NULL),
	(614, 'Alan', NULL, 'fixed:08-14', 'CZ', 'name_day', 0, NULL, 0, NULL, NULL),
	(615, 'Hana', NULL, 'fixed:08-15', 'CZ', 'name_day', 0, NULL, 0, NULL, NULL),
	(616, 'Jáchym', NULL, 'fixed:08-16', 'CZ', 'name_day', 0, NULL, 0, NULL, NULL),
	(617, 'Petra', NULL, 'fixed:08-17', 'CZ', 'name_day', 0, NULL, 0, NULL, NULL),
	(618, 'Helena', NULL, 'fixed:08-18', 'CZ', 'name_day', 0, NULL, 0, NULL, NULL),
	(619, 'Ludvík', NULL, 'fixed:08-19', 'CZ', 'name_day', 0, NULL, 0, NULL, NULL),
	(620, 'Bernard', NULL, 'fixed:08-20', 'CZ', 'name_day', 0, NULL, 0, NULL, NULL),
	(621, 'Johana', NULL, 'fixed:08-21', 'CZ', 'name_day', 0, NULL, 0, NULL, NULL),
	(622, 'Bohuslav', NULL, 'fixed:08-22', 'CZ', 'name_day', 0, NULL, 0, NULL, NULL),
	(623, 'Sandra', NULL, 'fixed:08-23', 'CZ', 'name_day', 0, NULL, 0, NULL, NULL),
	(624, 'Bartoloměj', NULL, 'fixed:08-24', 'CZ', 'name_day', 0, NULL, 0, NULL, NULL),
	(625, 'Radim', NULL, 'fixed:08-25', 'CZ', 'name_day', 0, NULL, 0, NULL, NULL),
	(626, 'Luděk', NULL, 'fixed:08-26', 'CZ', 'name_day', 0, NULL, 0, NULL, NULL),
	(627, 'Otakar', NULL, 'fixed:08-27', 'CZ', 'name_day', 0, NULL, 0, NULL, NULL),
	(628, 'Augustýn', NULL, 'fixed:08-28', 'CZ', 'name_day', 0, NULL, 0, NULL, NULL),
	(629, 'Evelína', NULL, 'fixed:08-29', 'CZ', 'name_day', 0, NULL, 0, NULL, NULL),
	(630, 'Vladěna', NULL, 'fixed:08-30', 'CZ', 'name_day', 0, NULL, 0, NULL, NULL),
	(631, 'Pavlína', NULL, 'fixed:08-31', 'CZ', 'name_day', 0, NULL, 0, NULL, NULL),
	(632, 'Linda', NULL, 'fixed:09-01', 'CZ', 'name_day', 0, NULL, 0, NULL, NULL),
	(633, 'Adéla', NULL, 'fixed:09-02', 'CZ', 'name_day', 0, NULL, 0, NULL, NULL),
	(634, 'Bronislav', NULL, 'fixed:09-03', 'CZ', 'name_day', 0, NULL, 0, NULL, NULL),
	(635, 'Jindřiška', NULL, 'fixed:09-04', 'CZ', 'name_day', 0, NULL, 0, NULL, NULL),
	(636, 'Boris', NULL, 'fixed:09-05', 'CZ', 'name_day', 0, NULL, 0, NULL, NULL),
	(637, 'Boleslav', NULL, 'fixed:09-06', 'CZ', 'name_day', 0, NULL, 0, NULL, NULL),
	(638, 'Regína', NULL, 'fixed:09-07', 'CZ', 'name_day', 0, NULL, 0, NULL, NULL),
	(639, 'Mariana', NULL, 'fixed:09-08', 'CZ', 'name_day', 0, NULL, 0, NULL, NULL),
	(640, 'Daniela', NULL, 'fixed:09-09', 'CZ', 'name_day', 0, NULL, 0, NULL, NULL),
	(641, 'Irma', NULL, 'fixed:09-10', 'CZ', 'name_day', 0, NULL, 0, NULL, NULL),
	(642, 'Denis', NULL, 'fixed:09-11', 'CZ', 'name_day', 0, NULL, 0, NULL, NULL),
	(643, 'Marie', NULL, 'fixed:09-12', 'CZ', 'name_day', 0, NULL, 0, NULL, NULL),
	(644, 'Lubor', NULL, 'fixed:09-13', 'CZ', 'name_day', 0, NULL, 0, NULL, NULL),
	(645, 'Radka', NULL, 'fixed:09-14', 'CZ', 'name_day', 0, NULL, 0, NULL, NULL),
	(646, 'Jolana', NULL, 'fixed:09-15', 'CZ', 'name_day', 0, NULL, 0, NULL, NULL),
	(647, 'Ludmila', NULL, 'fixed:09-16', 'CZ', 'name_day', 0, NULL, 0, NULL, NULL),
	(648, 'Naděžda', NULL, 'fixed:09-17', 'CZ', 'name_day', 0, NULL, 0, NULL, NULL),
	(649, 'Kryštof', NULL, 'fixed:09-18', 'CZ', 'name_day', 0, NULL, 0, NULL, NULL),
	(650, 'Zita', NULL, 'fixed:09-19', 'CZ', 'name_day', 0, NULL, 0, NULL, NULL),
	(651, 'Oleg', NULL, 'fixed:09-20', 'CZ', 'name_day', 0, NULL, 0, NULL, NULL),
	(652, 'Matouš', NULL, 'fixed:09-21', 'CZ', 'name_day', 0, NULL, 0, NULL, NULL),
	(653, 'Darina', NULL, 'fixed:09-22', 'CZ', 'name_day', 0, NULL, 0, NULL, NULL),
	(654, 'Berta', NULL, 'fixed:09-23', 'CZ', 'name_day', 0, NULL, 0, NULL, NULL),
	(655, 'Jaromír', NULL, 'fixed:09-24', 'CZ', 'name_day', 0, NULL, 0, NULL, NULL),
	(656, 'Zlata', NULL, 'fixed:09-25', 'CZ', 'name_day', 0, NULL, 0, NULL, NULL),
	(657, 'Andrea', NULL, 'fixed:09-26', 'CZ', 'name_day', 0, NULL, 0, NULL, NULL),
	(658, 'Jonáš', NULL, 'fixed:09-27', 'CZ', 'name_day', 0, NULL, 0, NULL, NULL),
	(659, 'Václav', NULL, 'fixed:09-28', 'CZ', 'name_day', 0, NULL, 0, NULL, NULL),
	(660, 'Michal', NULL, 'fixed:09-29', 'CZ', 'name_day', 0, NULL, 0, NULL, NULL),
	(661, 'Jeroným', NULL, 'fixed:09-30', 'CZ', 'name_day', 0, NULL, 0, NULL, NULL),
	(662, 'Igor', NULL, 'fixed:10-01', 'CZ', 'name_day', 0, NULL, 0, NULL, NULL),
	(663, 'Olívie', NULL, 'fixed:10-02', 'CZ', 'name_day', 0, NULL, 0, NULL, NULL),
	(664, 'Bohumil', NULL, 'fixed:10-03', 'CZ', 'name_day', 0, NULL, 0, NULL, NULL),
	(665, 'František', NULL, 'fixed:10-04', 'CZ', 'name_day', 0, NULL, 0, NULL, NULL),
	(666, 'Eliška', NULL, 'fixed:10-05', 'CZ', 'name_day', 0, NULL, 0, NULL, NULL),
	(667, 'Hanuš', NULL, 'fixed:10-06', 'CZ', 'name_day', 0, NULL, 0, NULL, NULL),
	(668, 'Justýna', NULL, 'fixed:10-07', 'CZ', 'name_day', 0, NULL, 0, NULL, NULL),
	(669, 'Věra', NULL, 'fixed:10-08', 'CZ', 'name_day', 0, NULL, 0, NULL, NULL),
	(670, 'Štefan', NULL, 'fixed:10-09', 'CZ', 'name_day', 0, NULL, 0, NULL, NULL),
	(671, 'Marina', NULL, 'fixed:10-10', 'CZ', 'name_day', 0, NULL, 0, NULL, NULL),
	(672, 'Andrej', NULL, 'fixed:10-11', 'CZ', 'name_day', 0, NULL, 0, NULL, NULL),
	(673, 'Marcel', NULL, 'fixed:10-12', 'CZ', 'name_day', 0, NULL, 0, NULL, NULL),
	(674, 'Renáta', NULL, 'fixed:10-13', 'CZ', 'name_day', 0, NULL, 0, NULL, NULL),
	(675, 'Agáta', NULL, 'fixed:10-14', 'CZ', 'name_day', 0, NULL, 0, NULL, NULL),
	(676, 'Tereza', NULL, 'fixed:10-15', 'CZ', 'name_day', 0, NULL, 0, NULL, NULL),
	(677, 'Havel', NULL, 'fixed:10-16', 'CZ', 'name_day', 0, NULL, 0, NULL, NULL),
	(678, 'Hedvika', NULL, 'fixed:10-17', 'CZ', 'name_day', 0, NULL, 0, NULL, NULL),
	(679, 'Lukáš', NULL, 'fixed:10-18', 'CZ', 'name_day', 0, NULL, 0, NULL, NULL),
	(680, 'Michaela', NULL, 'fixed:10-19', 'CZ', 'name_day', 0, NULL, 0, NULL, NULL),
	(681, 'Vendelín', NULL, 'fixed:10-20', 'CZ', 'name_day', 0, NULL, 0, NULL, NULL),
	(682, 'Brigita', NULL, 'fixed:10-21', 'CZ', 'name_day', 0, NULL, 0, NULL, NULL),
	(683, 'Sabina', NULL, 'fixed:10-22', 'CZ', 'name_day', 0, NULL, 0, NULL, NULL),
	(684, 'Teodor', NULL, 'fixed:10-23', 'CZ', 'name_day', 0, NULL, 0, NULL, NULL),
	(685, 'Nina', NULL, 'fixed:10-24', 'CZ', 'name_day', 0, NULL, 0, NULL, NULL),
	(686, 'Beáta', NULL, 'fixed:10-25', 'CZ', 'name_day', 0, NULL, 0, NULL, NULL),
	(687, 'Erik', NULL, 'fixed:10-26', 'CZ', 'name_day', 0, NULL, 0, NULL, NULL),
	(688, 'Šarlota', NULL, 'fixed:10-27', 'CZ', 'name_day', 0, NULL, 0, NULL, NULL),
	(689, 'Alfréd', NULL, 'fixed:10-28', 'CZ', 'name_day', 0, NULL, 0, NULL, NULL),
	(690, 'Silvie', NULL, 'fixed:10-29', 'CZ', 'name_day', 0, NULL, 0, NULL, NULL),
	(691, 'Tadeáš', NULL, 'fixed:10-30', 'CZ', 'name_day', 0, NULL, 0, NULL, NULL),
	(692, 'Štěpánka', NULL, 'fixed:10-31', 'CZ', 'name_day', 0, NULL, 0, NULL, NULL),
	(693, 'Felix', NULL, 'fixed:11-01', 'CZ', 'name_day', 0, NULL, 0, NULL, NULL),
	(694, 'Tobiáš', NULL, 'fixed:11-02', 'CZ', 'name_day', 0, NULL, 0, NULL, NULL),
	(695, 'Hubert', NULL, 'fixed:11-03', 'CZ', 'name_day', 0, NULL, 0, NULL, NULL),
	(696, 'Karel', NULL, 'fixed:11-04', 'CZ', 'name_day', 0, NULL, 0, NULL, NULL),
	(697, 'Miriam', NULL, 'fixed:11-05', 'CZ', 'name_day', 0, NULL, 0, NULL, NULL),
	(698, 'Liběna', NULL, 'fixed:11-06', 'CZ', 'name_day', 0, NULL, 0, NULL, NULL),
	(699, 'Saskie', NULL, 'fixed:11-07', 'CZ', 'name_day', 0, NULL, 0, NULL, NULL),
	(700, 'Bohumír', NULL, 'fixed:11-08', 'CZ', 'name_day', 0, NULL, 0, NULL, NULL),
	(701, 'Bohdan', NULL, 'fixed:11-09', 'CZ', 'name_day', 0, NULL, 0, NULL, NULL),
	(702, 'Evžen', NULL, 'fixed:11-10', 'CZ', 'name_day', 0, NULL, 0, NULL, NULL),
	(703, 'Martin', NULL, 'fixed:11-11', 'CZ', 'name_day', 0, NULL, 0, NULL, NULL),
	(704, 'Benedikt', NULL, 'fixed:11-12', 'CZ', 'name_day', 0, NULL, 0, NULL, NULL),
	(705, 'Tibor', NULL, 'fixed:11-13', 'CZ', 'name_day', 0, NULL, 0, NULL, NULL),
	(706, 'Sáva', NULL, 'fixed:11-14', 'CZ', 'name_day', 0, NULL, 0, NULL, NULL),
	(707, 'Leopold', NULL, 'fixed:11-15', 'CZ', 'name_day', 0, NULL, 0, NULL, NULL),
	(708, 'Otmar', NULL, 'fixed:11-16', 'CZ', 'name_day', 0, NULL, 0, NULL, NULL),
	(709, 'Mahulena', NULL, 'fixed:11-17', 'CZ', 'name_day', 0, NULL, 0, NULL, NULL),
	(710, 'Romana', NULL, 'fixed:11-18', 'CZ', 'name_day', 0, NULL, 0, NULL, NULL),
	(711, 'Alžběta', NULL, 'fixed:11-19', 'CZ', 'name_day', 0, NULL, 0, NULL, NULL),
	(712, 'Nikola', NULL, 'fixed:11-20', 'CZ', 'name_day', 0, NULL, 0, NULL, NULL),
	(713, 'Albert', NULL, 'fixed:11-21', 'CZ', 'name_day', 0, NULL, 0, NULL, NULL),
	(714, 'Cecílie', NULL, 'fixed:11-22', 'CZ', 'name_day', 0, NULL, 0, NULL, NULL),
	(715, 'Klement', NULL, 'fixed:11-23', 'CZ', 'name_day', 0, NULL, 0, NULL, NULL),
	(716, 'Emílie', NULL, 'fixed:11-24', 'CZ', 'name_day', 0, NULL, 0, NULL, NULL),
	(717, 'Kateřina', NULL, 'fixed:11-25', 'CZ', 'name_day', 0, NULL, 0, NULL, NULL),
	(718, 'Artur', NULL, 'fixed:11-26', 'CZ', 'name_day', 0, NULL, 0, NULL, NULL),
	(719, 'Xenie', NULL, 'fixed:11-27', 'CZ', 'name_day', 0, NULL, 0, NULL, NULL),
	(720, 'René', NULL, 'fixed:11-28', 'CZ', 'name_day', 0, NULL, 0, NULL, NULL),
	(721, 'Zina', NULL, 'fixed:11-29', 'CZ', 'name_day', 0, NULL, 0, NULL, NULL),
	(722, 'Ondřej', NULL, 'fixed:11-30', 'CZ', 'name_day', 0, NULL, 0, NULL, NULL),
	(723, 'Iva', NULL, 'fixed:12-01', 'CZ', 'name_day', 0, NULL, 0, NULL, NULL),
	(724, 'Blanka', NULL, 'fixed:12-02', 'CZ', 'name_day', 0, NULL, 0, NULL, NULL),
	(725, 'Svatoslav', NULL, 'fixed:12-03', 'CZ', 'name_day', 0, NULL, 0, NULL, NULL),
	(726, 'Barbora', NULL, 'fixed:12-04', 'CZ', 'name_day', 0, NULL, 0, NULL, NULL),
	(727, 'Jitka', NULL, 'fixed:12-05', 'CZ', 'name_day', 0, NULL, 0, NULL, NULL),
	(728, 'Mikuláš', NULL, 'fixed:12-06', 'CZ', 'name_day', 0, NULL, 0, NULL, NULL),
	(729, 'Ambrož', NULL, 'fixed:12-07', 'CZ', 'name_day', 0, NULL, 0, NULL, NULL),
	(730, 'Květoslava', NULL, 'fixed:12-08', 'CZ', 'name_day', 0, NULL, 0, NULL, NULL),
	(731, 'Vratislav', NULL, 'fixed:12-09', 'CZ', 'name_day', 0, NULL, 0, NULL, NULL),
	(732, 'Julie', NULL, 'fixed:12-10', 'CZ', 'name_day', 0, NULL, 0, NULL, NULL),
	(733, 'Dana', NULL, 'fixed:12-11', 'CZ', 'name_day', 0, NULL, 0, NULL, NULL),
	(734, 'Simona', NULL, 'fixed:12-12', 'CZ', 'name_day', 0, NULL, 0, NULL, NULL),
	(735, 'Lucie', NULL, 'fixed:12-13', 'CZ', 'name_day', 0, NULL, 0, NULL, NULL),
	(736, 'Lýdie', NULL, 'fixed:12-14', 'CZ', 'name_day', 0, NULL, 0, NULL, NULL),
	(737, 'Radana', NULL, 'fixed:12-15', 'CZ', 'name_day', 0, NULL, 0, NULL, NULL),
	(738, 'Albína', NULL, 'fixed:12-16', 'CZ', 'name_day', 0, NULL, 0, NULL, NULL),
	(739, 'Daniel', NULL, 'fixed:12-17', 'CZ', 'name_day', 0, NULL, 0, NULL, NULL),
	(740, 'Miloslav', NULL, 'fixed:12-18', 'CZ', 'name_day', 0, NULL, 0, NULL, NULL),
	(741, 'Ester', NULL, 'fixed:12-19', 'CZ', 'name_day', 0, NULL, 0, NULL, NULL),
	(742, 'Dagmar', NULL, 'fixed:12-20', 'CZ', 'name_day', 0, NULL, 0, NULL, NULL),
	(743, 'Natálie', NULL, 'fixed:12-21', 'CZ', 'name_day', 0, NULL, 0, NULL, NULL),
	(744, 'Šimon', NULL, 'fixed:12-22', 'CZ', 'name_day', 0, NULL, 0, NULL, NULL),
	(745, 'Vlasta', NULL, 'fixed:12-23', 'CZ', 'name_day', 0, NULL, 0, NULL, NULL),
	(746, 'Adam a Eva', NULL, 'fixed:12-24', 'CZ', 'name_day', 0, NULL, 0, NULL, NULL),
	(747, 'Boží hod vánoční', NULL, 'fixed:12-25', 'CZ', 'name_day', 0, NULL, 0, NULL, NULL),
	(748, 'Štěpán', NULL, 'fixed:12-26', 'CZ', 'name_day', 0, NULL, 0, NULL, NULL),
	(749, 'Žaneta', NULL, 'fixed:12-27', 'CZ', 'name_day', 0, NULL, 0, NULL, NULL),
	(750, 'Bohumila', NULL, 'fixed:12-28', 'CZ', 'name_day', 0, NULL, 0, NULL, NULL),
	(751, 'Judita', NULL, 'fixed:12-29', 'CZ', 'name_day', 0, NULL, 0, NULL, NULL),
	(752, 'David', NULL, 'fixed:12-30', 'CZ', 'name_day', 0, NULL, 0, NULL, NULL),
	(753, 'Silvestr', NULL, 'fixed:12-31', 'CZ', 'name_day', 0, NULL, 0, NULL, NULL);

-- Exportování struktury pro tabulka safecompas.jobs
CREATE TABLE IF NOT EXISTS `jobs` (
  `id` bigint unsigned NOT NULL AUTO_INCREMENT,
  `queue` varchar(255) COLLATE utf8mb4_unicode_ci NOT NULL,
  `payload` longtext COLLATE utf8mb4_unicode_ci NOT NULL,
  `attempts` tinyint unsigned NOT NULL,
  `reserved_at` int unsigned DEFAULT NULL,
  `available_at` int unsigned NOT NULL,
  `created_at` int unsigned NOT NULL,
  PRIMARY KEY (`id`),
  KEY `jobs_queue_index` (`queue`)
) ENGINE=InnoDB AUTO_INCREMENT=3 DEFAULT CHARSET=utf8mb4 COLLATE=utf8mb4_unicode_ci;

-- Exportování dat pro tabulku safecompas.jobs: ~2 rows (přibližně)
INSERT INTO `jobs` (`id`, `queue`, `payload`, `attempts`, `reserved_at`, `available_at`, `created_at`) VALUES
	(1, 'default', '{"uuid":"99a0f2fa-5c1f-459f-88d0-f1a6857919f4","displayName":"App\\\\Notifications\\\\OrderCreated","job":"Illuminate\\\\Queue\\\\CallQueuedHandler@call","maxTries":null,"maxExceptions":null,"failOnTimeout":false,"backoff":null,"timeout":null,"retryUntil":null,"data":{"commandName":"Illuminate\\\\Notifications\\\\SendQueuedNotifications","command":"O:48:\\"Illuminate\\\\Notifications\\\\SendQueuedNotifications\\":3:{s:11:\\"notifiables\\";O:45:\\"Illuminate\\\\Contracts\\\\Database\\\\ModelIdentifier\\":5:{s:5:\\"class\\";s:15:\\"App\\\\Models\\\\User\\";s:2:\\"id\\";a:1:{i:0;i:1;}s:9:\\"relations\\";a:1:{i:0;s:5:\\"roles\\";}s:10:\\"connection\\";s:5:\\"mysql\\";s:15:\\"collectionClass\\";N;}s:12:\\"notification\\";O:30:\\"App\\\\Notifications\\\\OrderCreated\\":2:{s:13:\\"\\u0000*\\u0000objednavka\\";O:45:\\"Illuminate\\\\Contracts\\\\Database\\\\ModelIdentifier\\":5:{s:5:\\"class\\";s:21:\\"App\\\\Models\\\\Objednavka\\";s:2:\\"id\\";i:1;s:9:\\"relations\\";a:2:{i:0;s:11:\\"zamestnanec\\";i:1;s:7:\\"produkt\\";}s:10:\\"connection\\";s:5:\\"mysql\\";s:15:\\"collectionClass\\";N;}s:2:\\"id\\";s:36:\\"7f0ef290-ab21-44c1-9f80-bb368123ce45\\";}s:8:\\"channels\\";a:1:{i:0;s:4:\\"mail\\";}}"},"createdAt":1777067173,"delay":null}', 0, NULL, 1777067173, 1777067173),
	(2, 'default', '{"uuid":"e285981e-1daf-48a1-b6d1-3c172a2a7c84","displayName":"App\\\\Notifications\\\\OrderCreated","job":"Illuminate\\\\Queue\\\\CallQueuedHandler@call","maxTries":null,"maxExceptions":null,"failOnTimeout":false,"backoff":null,"timeout":null,"retryUntil":null,"data":{"commandName":"Illuminate\\\\Notifications\\\\SendQueuedNotifications","command":"O:48:\\"Illuminate\\\\Notifications\\\\SendQueuedNotifications\\":3:{s:11:\\"notifiables\\";O:45:\\"Illuminate\\\\Contracts\\\\Database\\\\ModelIdentifier\\":5:{s:5:\\"class\\";s:15:\\"App\\\\Models\\\\User\\";s:2:\\"id\\";a:1:{i:0;i:1;}s:9:\\"relations\\";a:1:{i:0;s:5:\\"roles\\";}s:10:\\"connection\\";s:5:\\"mysql\\";s:15:\\"collectionClass\\";N;}s:12:\\"notification\\";O:30:\\"App\\\\Notifications\\\\OrderCreated\\":2:{s:13:\\"\\u0000*\\u0000objednavka\\";O:45:\\"Illuminate\\\\Contracts\\\\Database\\\\ModelIdentifier\\":5:{s:5:\\"class\\";s:21:\\"App\\\\Models\\\\Objednavka\\";s:2:\\"id\\";i:1;s:9:\\"relations\\";a:2:{i:0;s:11:\\"zamestnanec\\";i:1;s:7:\\"produkt\\";}s:10:\\"connection\\";s:5:\\"mysql\\";s:15:\\"collectionClass\\";N;}s:2:\\"id\\";s:36:\\"7f0ef290-ab21-44c1-9f80-bb368123ce45\\";}s:8:\\"channels\\";a:1:{i:0;s:8:\\"database\\";}}"},"createdAt":1777067173,"delay":null}', 0, NULL, 1777067173, 1777067173);

-- Exportování struktury pro tabulka safecompas.lekarnicke
CREATE TABLE IF NOT EXISTS `lekarnicke` (
  `id` bigint unsigned NOT NULL AUTO_INCREMENT,
  `nazev` varchar(255) COLLATE utf8mb4_unicode_ci NOT NULL,
  `umisteni` varchar(255) COLLATE utf8mb4_unicode_ci NOT NULL,
  `zodpovedna_osoba` varchar(255) COLLATE utf8mb4_unicode_ci NOT NULL,
  `popis` text COLLATE utf8mb4_unicode_ci,
  `status` enum('aktivni','neaktivni','revize') COLLATE utf8mb4_unicode_ci NOT NULL DEFAULT 'aktivni',
  `posledni_kontrola` date DEFAULT NULL,
  `dalsi_kontrola` date DEFAULT NULL,
  `created_at` timestamp NULL DEFAULT NULL,
  `updated_at` timestamp NULL DEFAULT NULL,
  PRIMARY KEY (`id`)
) ENGINE=InnoDB AUTO_INCREMENT=3 DEFAULT CHARSET=utf8mb4 COLLATE=utf8mb4_unicode_ci;

-- Exportování dat pro tabulku safecompas.lekarnicke: ~2 rows (přibližně)
INSERT INTO `lekarnicke` (`id`, `nazev`, `umisteni`, `zodpovedna_osoba`, `popis`, `status`, `posledni_kontrola`, `dalsi_kontrola`, `created_at`, `updated_at`) VALUES
	(1, 'Sklad 1', 'Sklad kancelář', 'Lukáš Halamka', NULL, 'aktivni', NULL, NULL, '2026-04-24 14:51:30', '2026-04-24 14:51:30'),
	(2, 'Výroba_01', 'Výroba mistři', 'Jana Hniličková', NULL, 'aktivni', NULL, NULL, '2026-04-25 03:51:55', '2026-04-25 03:51:55');

-- Exportování struktury pro tabulka safecompas.lekarnicky_material
CREATE TABLE IF NOT EXISTS `lekarnicky_material` (
  `id` bigint unsigned NOT NULL AUTO_INCREMENT,
  `lekarnicky_id` bigint unsigned NOT NULL,
  `nazev_materialu` varchar(255) COLLATE utf8mb4_unicode_ci NOT NULL,
  `typ_materialu` varchar(255) COLLATE utf8mb4_unicode_ci NOT NULL,
  `aktualni_pocet` int NOT NULL,
  `minimalni_pocet` int NOT NULL,
  `maximalni_pocet` int NOT NULL,
  `jednotka` varchar(255) COLLATE utf8mb4_unicode_ci NOT NULL,
  `datum_expirace` date DEFAULT NULL,
  `cena_za_jednotku` decimal(8,2) DEFAULT NULL,
  `dodavatel` varchar(255) COLLATE utf8mb4_unicode_ci DEFAULT NULL,
  `poznamky` text COLLATE utf8mb4_unicode_ci,
  `created_at` timestamp NULL DEFAULT NULL,
  `updated_at` timestamp NULL DEFAULT NULL,
  PRIMARY KEY (`id`),
  KEY `lekarnicky_material_lekarnicky_id_foreign` (`lekarnicky_id`),
  CONSTRAINT `lekarnicky_material_lekarnicky_id_foreign` FOREIGN KEY (`lekarnicky_id`) REFERENCES `lekarnicke` (`id`) ON DELETE CASCADE
) ENGINE=InnoDB AUTO_INCREMENT=4 DEFAULT CHARSET=utf8mb4 COLLATE=utf8mb4_unicode_ci;

-- Exportování dat pro tabulku safecompas.lekarnicky_material: ~3 rows (přibližně)
INSERT INTO `lekarnicky_material` (`id`, `lekarnicky_id`, `nazev_materialu`, `typ_materialu`, `aktualni_pocet`, `minimalni_pocet`, `maximalni_pocet`, `jednotka`, `datum_expirace`, `cena_za_jednotku`, `dodavatel`, `poznamky`, `created_at`, `updated_at`) VALUES
	(1, 1, 'Obvaz', 'obvaz', 4, 1, 5, 'ks', '2026-09-25', 54.00, NULL, NULL, '2026-04-24 14:53:25', '2026-04-24 14:53:25'),
	(2, 1, 'Paralen', 'tablety', 1, 1, 2, 'ks', '2026-05-10', 135.00, 'Dr max', NULL, '2026-04-25 03:30:10', '2026-04-25 03:30:10'),
	(3, 2, 'xxxx', 'naplast', 5, 1, 9, 'ks', '2026-04-25', 200.00, 'Dr max', NULL, '2026-04-25 03:52:57', '2026-04-25 03:52:57');

-- Exportování struktury pro tabulka safecompas.migrations
CREATE TABLE IF NOT EXISTS `migrations` (
  `id` int unsigned NOT NULL AUTO_INCREMENT,
  `migration` varchar(255) COLLATE utf8mb4_unicode_ci NOT NULL,
  `batch` int NOT NULL,
  PRIMARY KEY (`id`)
) ENGINE=InnoDB AUTO_INCREMENT=25 DEFAULT CHARSET=utf8mb4 COLLATE=utf8mb4_unicode_ci;

-- Exportování dat pro tabulku safecompas.migrations: ~24 rows (přibližně)
INSERT INTO `migrations` (`id`, `migration`, `batch`) VALUES
	(1, '2025_08_07_020000_create_users_table', 1),
	(2, '2025_08_07_024015_create_druhy_oopp_table', 1),
	(3, '2025_08_07_024540_create_zamestnanci_table', 1),
	(4, '2025_08_07_024609_create_user_activity_table', 1),
	(5, '2025_08_07_0400000_create_produkty_table', 1),
	(6, '2025_08_07_045224_create_holidays_table', 1),
	(7, '2025_08_07_050000_create_objednavky_table', 1),
	(8, '2025_08_08_043837_create_jobs_table', 1),
	(9, '2025_08_08_052927_create_failed_jobs_table', 1),
	(10, '2025_08_08_054235_create_notifications_table', 1),
	(11, '2025_08_08_054326_create_cache_table', 1),
	(12, '2025_08_10_181101_create_lekarnicke_table', 1),
	(13, '2025_08_10_181625_create_lekarnicky_material_table', 1),
	(14, '2025_08_10_181633_create_urazy_table', 1),
	(15, '2025_08_10_181641_create_vydej_materialu_table', 1),
	(16, '2025_08_10_203705_create_roles_table', 1),
	(17, '2025_08_10_203706_create_permissions_table', 1),
	(18, '2025_08_10_203706_create_role_permissions_table', 1),
	(19, '2025_08_10_203707_create_user_lekarnicky_access_table', 1),
	(20, '2025_08_10_203707_create_user_roles_table', 1),
	(21, '2025_08_10_203709_update_users_table_for_rbac', 1),
	(22, '2026_04_24_151813_create_sessions_table', 2),
	(23, '2026_04_24_000000_fix_poskytnute_osetreni_column', 3),
	(24, '2026_04_25_000000_create_contacts_table', 4);

-- Exportování struktury pro tabulka safecompas.notifications
CREATE TABLE IF NOT EXISTS `notifications` (
  `id` char(36) COLLATE utf8mb4_unicode_ci NOT NULL,
  `type` varchar(255) COLLATE utf8mb4_unicode_ci NOT NULL,
  `notifiable_type` varchar(255) COLLATE utf8mb4_unicode_ci NOT NULL,
  `notifiable_id` bigint unsigned NOT NULL,
  `data` text COLLATE utf8mb4_unicode_ci NOT NULL,
  `read_at` timestamp NULL DEFAULT NULL,
  `created_at` timestamp NULL DEFAULT NULL,
  `updated_at` timestamp NULL DEFAULT NULL,
  PRIMARY KEY (`id`),
  KEY `notifications_notifiable_type_notifiable_id_index` (`notifiable_type`,`notifiable_id`)
) ENGINE=InnoDB DEFAULT CHARSET=utf8mb4 COLLATE=utf8mb4_unicode_ci;

-- Exportování dat pro tabulku safecompas.notifications: ~8 rows (přibližně)
INSERT INTO `notifications` (`id`, `type`, `notifiable_type`, `notifiable_id`, `data`, `read_at`, `created_at`, `updated_at`) VALUES
	('1b9f1422-78e8-48d2-a74f-ff691e14f014', 'App\\Notifications\\OrderCreated', 'App\\Models\\User', 1, '{"order_id":4,"employee_name":"Martin Hoz\\u00e1k","employee_stredisko":"Q813","product_name":"Obuv CXS TEXLINE BURU O1, polobotka","size":"41","date":"25.04.2026","img":"Obuv_CXS_ polobotka.png","message":"Nov\\u00e1 objedn\\u00e1vka byla vytvo\\u0159ena","icon":"fas fa-shopping-cart","color":"primary"}', '2026-04-25 03:04:00', '2026-04-25 01:31:05', '2026-04-25 03:04:00'),
	('54a5fc97-cc02-4487-b061-e872887ee7fa', 'App\\Notifications\\OrderCreated', 'App\\Models\\User', 5, '{"order_id":4,"employee_name":"Martin Hoz\\u00e1k","employee_stredisko":"Q813","product_name":"Obuv CXS TEXLINE BURU O1, polobotka","size":"41","date":"25.04.2026","img":"Obuv_CXS_ polobotka.png","message":"Nov\\u00e1 objedn\\u00e1vka byla vytvo\\u0159ena","icon":"fas fa-shopping-cart","color":"primary"}', NULL, '2026-04-25 01:31:05', '2026-04-25 01:31:05'),
	('5bfd8fa5-ea7f-4ddf-b88e-b8734c06ba9b', 'App\\Notifications\\OrderCreated', 'App\\Models\\User', 1, '{"order_id":6,"employee_name":"Luk\\u00e1\\u0161 Halamka","employee_stredisko":"P452","product_name":"Mikina ESD antistatick\\u00e1 \\u010dern\\u00e1","size":"XL","date":"25.04.2026","img":"Mikina_ESD_black.png","message":"Nov\\u00e1 objedn\\u00e1vka byla vytvo\\u0159ena","icon":"fas fa-shopping-cart","color":"primary"}', '2026-04-25 04:58:37', '2026-04-25 04:58:02', '2026-04-25 04:58:37'),
	('9ce6a596-81ff-472f-a476-15c239143f29', 'App\\Notifications\\OrderCreated', 'App\\Models\\User', 1, '{"order_id":3,"employee_name":"Karolina McIvor","employee_stredisko":"P815","product_name":"Obuv CXS TEXLINE BURU O1, polobotka","size":"42","date":"24.04.2026","img":"Obuv_CXS_ polobotka.png","message":"Nov\\u00e1 objedn\\u00e1vka byla vytvo\\u0159ena","icon":"fas fa-shopping-cart","color":"primary"}', '2026-04-25 03:03:57', '2026-04-24 19:58:32', '2026-04-25 03:03:57'),
	('afca1cc5-23ba-4286-9f64-dffbf5d4a5c2', 'App\\Notifications\\OrderCreated', 'App\\Models\\User', 1, '{"order_id":5,"employee_name":"Luk\\u00e1\\u0161 Halamka","employee_stredisko":"P452","product_name":"Mikina ESD antistatick\\u00e1 \\u010dern\\u00e1","size":"XL","date":"25.04.2026","img":"Mikina_ESD_black.png","message":"Nov\\u00e1 objedn\\u00e1vka byla vytvo\\u0159ena","icon":"fas fa-shopping-cart","color":"primary"}', '2026-04-25 04:58:39', '2026-04-25 04:58:01', '2026-04-25 04:58:39'),
	('c0acdbd7-ca21-45ae-a46a-029f2ebb4434', 'App\\Notifications\\OrderCreated', 'App\\Models\\User', 1, '{"order_id":2,"employee_name":"Karolina McIvor","employee_stredisko":"P815","product_name":"Obuv CXS TEXLINE BURU O1, polobotka","size":"42","date":"24.04.2026","img":"Obuv_CXS_ polobotka.png","message":"Nov\\u00e1 objedn\\u00e1vka byla vytvo\\u0159ena","icon":"fas fa-shopping-cart","color":"primary"}', '2026-04-25 03:04:03', '2026-04-24 19:58:31', '2026-04-25 03:04:03'),
	('d3b75bcf-a081-497d-a61d-77f98df5410e', 'App\\Notifications\\OrderCreated', 'App\\Models\\User', 5, '{"order_id":5,"employee_name":"Luk\\u00e1\\u0161 Halamka","employee_stredisko":"P452","product_name":"Mikina ESD antistatick\\u00e1 \\u010dern\\u00e1","size":"XL","date":"25.04.2026","img":"Mikina_ESD_black.png","message":"Nov\\u00e1 objedn\\u00e1vka byla vytvo\\u0159ena","icon":"fas fa-shopping-cart","color":"primary"}', NULL, '2026-04-25 04:58:01', '2026-04-25 04:58:01'),
	('e874002b-70b0-40b7-b4b8-e10ed4fe7814', 'App\\Notifications\\OrderCreated', 'App\\Models\\User', 5, '{"order_id":6,"employee_name":"Luk\\u00e1\\u0161 Halamka","employee_stredisko":"P452","product_name":"Mikina ESD antistatick\\u00e1 \\u010dern\\u00e1","size":"XL","date":"25.04.2026","img":"Mikina_ESD_black.png","message":"Nov\\u00e1 objedn\\u00e1vka byla vytvo\\u0159ena","icon":"fas fa-shopping-cart","color":"primary"}', NULL, '2026-04-25 04:58:02', '2026-04-25 04:58:02');

-- Exportování struktury pro tabulka safecompas.objednavky
CREATE TABLE IF NOT EXISTS `objednavky` (
  `id` bigint unsigned NOT NULL AUTO_INCREMENT,
  `zamestnanec_id` bigint unsigned NOT NULL,
  `produkt_id` bigint unsigned NOT NULL,
  `velikost` varchar(255) COLLATE utf8mb4_unicode_ci NOT NULL,
  `status` enum('cekajici','Objednano','vydano') COLLATE utf8mb4_unicode_ci NOT NULL DEFAULT 'cekajici',
  `datum_objednani` date NOT NULL,
  `datum_vydani` datetime DEFAULT NULL,
  `podpis_path` varchar(255) COLLATE utf8mb4_unicode_ci DEFAULT NULL,
  `email_send` enum('1','0') COLLATE utf8mb4_unicode_ci NOT NULL DEFAULT '0',
  `created_at` timestamp NULL DEFAULT NULL,
  `updated_at` timestamp NULL DEFAULT NULL,
  PRIMARY KEY (`id`),
  KEY `objednavky_zamestnanec_id_foreign` (`zamestnanec_id`),
  KEY `objednavky_produkt_id_foreign` (`produkt_id`),
  CONSTRAINT `objednavky_produkt_id_foreign` FOREIGN KEY (`produkt_id`) REFERENCES `produkty` (`id`) ON DELETE CASCADE,
  CONSTRAINT `objednavky_zamestnanec_id_foreign` FOREIGN KEY (`zamestnanec_id`) REFERENCES `zamestnanci` (`id`) ON DELETE CASCADE
) ENGINE=InnoDB AUTO_INCREMENT=7 DEFAULT CHARSET=utf8mb4 COLLATE=utf8mb4_unicode_ci;

-- Exportování dat pro tabulku safecompas.objednavky: ~4 rows (přibližně)
INSERT INTO `objednavky` (`id`, `zamestnanec_id`, `produkt_id`, `velikost`, `status`, `datum_objednani`, `datum_vydani`, `podpis_path`, `email_send`, `created_at`, `updated_at`) VALUES
	(1, 5, 6, '38', 'vydano', '2026-04-24', '2026-04-25 03:31:46', 'podpis_20260425_001.png', '0', '2026-04-24 19:46:11', '2026-04-24 19:46:11'),
	(2, 1, 6, '42', 'vydano', '2026-04-24', '2026-04-25 03:43:02', 'podpis_20260425_002.png', '0', '2026-04-24 19:58:20', '2026-04-24 19:58:20'),
	(4, 10, 6, '41', 'cekajici', '2026-04-25', NULL, NULL, '0', '2026-04-25 01:31:05', '2026-04-25 01:31:05'),
	(5, 7, 4, 'XL', 'cekajici', '2026-04-25', NULL, NULL, '0', '2026-04-25 04:57:48', '2026-04-25 04:57:48');

-- Exportování struktury pro tabulka safecompas.permissions
CREATE TABLE IF NOT EXISTS `permissions` (
  `id` bigint unsigned NOT NULL AUTO_INCREMENT,
  `name` varchar(255) COLLATE utf8mb4_unicode_ci NOT NULL,
  `display_name` varchar(255) COLLATE utf8mb4_unicode_ci NOT NULL,
  `module` varchar(255) COLLATE utf8mb4_unicode_ci NOT NULL,
  `action` varchar(255) COLLATE utf8mb4_unicode_ci NOT NULL,
  `description` text COLLATE utf8mb4_unicode_ci,
  `created_at` timestamp NULL DEFAULT NULL,
  `updated_at` timestamp NULL DEFAULT NULL,
  PRIMARY KEY (`id`),
  UNIQUE KEY `permissions_name_unique` (`name`)
) ENGINE=InnoDB AUTO_INCREMENT=19 DEFAULT CHARSET=utf8mb4 COLLATE=utf8mb4_unicode_ci;

-- Exportování dat pro tabulku safecompas.permissions: ~18 rows (přibližně)
INSERT INTO `permissions` (`id`, `name`, `display_name`, `module`, `action`, `description`, `created_at`, `updated_at`) VALUES
	(1, 'oopp.view', 'Zobrazit OOPP', 'oopp', 'view', NULL, '2026-04-24 13:27:51', '2026-04-24 13:27:51'),
	(2, 'oopp.create', 'Vytvořit objednávku OOPP', 'oopp', 'create', NULL, '2026-04-24 13:27:51', '2026-04-24 13:27:51'),
	(3, 'oopp.edit', 'Upravit OOPP', 'oopp', 'edit', NULL, '2026-04-24 13:27:51', '2026-04-24 13:27:51'),
	(4, 'oopp.delete', 'Smazat OOPP', 'oopp', 'delete', NULL, '2026-04-24 13:27:51', '2026-04-24 13:27:51'),
	(5, 'lekarnicke.view', 'Zobrazit lékárničky', 'lekarnicke', 'view', NULL, '2026-04-24 13:27:51', '2026-04-24 13:27:51'),
	(6, 'lekarnicke.create', 'Vytvořit lékárničku', 'lekarnicke', 'create', NULL, '2026-04-24 13:27:51', '2026-04-24 13:27:51'),
	(7, 'lekarnicke.edit', 'Upravit lékárničku', 'lekarnicke', 'edit', NULL, '2026-04-24 13:27:51', '2026-04-24 13:27:51'),
	(8, 'lekarnicke.delete', 'Smazat lékárničku', 'lekarnicke', 'delete', NULL, '2026-04-24 13:27:51', '2026-04-24 13:27:51'),
	(9, 'lekarnicke.material', 'Správa materiálu', 'lekarnicke', 'material', NULL, '2026-04-24 13:27:51', '2026-04-24 13:27:51'),
	(10, 'lekarnicke.urazy', 'Záznamy úrazů', 'lekarnicke', 'urazy', NULL, '2026-04-24 13:27:51', '2026-04-24 13:27:51'),
	(11, 'admin.users', 'Správa uživatelů', 'admin', 'users', NULL, '2026-04-24 13:27:51', '2026-04-24 13:27:51'),
	(12, 'admin.permissions', 'Správa oprávnění', 'admin', 'permissions', NULL, '2026-04-24 13:27:51', '2026-04-24 13:27:51'),
	(13, 'admin.employees', 'Správa zaměstnanců', 'admin', 'employees', NULL, '2026-04-24 13:27:51', '2026-04-24 13:27:51'),
	(14, 'admin.settings', 'Nastavení systému', 'admin', 'settings', NULL, '2026-04-24 13:27:51', '2026-04-24 13:27:51'),
	(15, 'notifications.view', 'Zobrazit notifikace', 'notifications', 'view', NULL, '2026-04-24 13:27:51', '2026-04-24 13:27:51'),
	(16, 'notifications.manage', 'Správa notifikací', 'notifications', 'manage', NULL, '2026-04-24 13:27:51', '2026-04-24 13:27:51'),
	(17, 'stats.view', 'Zobrazit statistiky', 'stats', 'view', NULL, '2026-04-24 13:27:51', '2026-04-24 13:27:51'),
	(18, 'stats.export', 'Export dat', 'stats', 'export', NULL, '2026-04-24 13:27:51', '2026-04-24 13:27:51');

-- Exportování struktury pro tabulka safecompas.produkty
CREATE TABLE IF NOT EXISTS `produkty` (
  `id` bigint unsigned NOT NULL AUTO_INCREMENT,
  `nazev` varchar(255) COLLATE utf8mb4_unicode_ci NOT NULL,
  `obrazek` varchar(255) COLLATE utf8mb4_unicode_ci DEFAULT NULL,
  `dostupne_velikosti` text COLLATE utf8mb4_unicode_ci,
  `druh_id` bigint unsigned NOT NULL,
  `cena` decimal(8,2) DEFAULT NULL,
  `cod_produktu` varchar(255) COLLATE utf8mb4_unicode_ci DEFAULT NULL,
  `created_at` timestamp NULL DEFAULT NULL,
  `updated_at` timestamp NULL DEFAULT NULL,
  PRIMARY KEY (`id`),
  KEY `produkty_druh_id_foreign` (`druh_id`),
  CONSTRAINT `produkty_druh_id_foreign` FOREIGN KEY (`druh_id`) REFERENCES `druhy_oopp` (`id`) ON DELETE CASCADE
) ENGINE=InnoDB AUTO_INCREMENT=23 DEFAULT CHARSET=utf8mb4 COLLATE=utf8mb4_unicode_ci;

-- Exportování dat pro tabulku safecompas.produkty: ~22 rows (přibližně)
INSERT INTO `produkty` (`id`, `nazev`, `obrazek`, `dostupne_velikosti`, `druh_id`, `cena`, `cod_produktu`, `created_at`, `updated_at`) VALUES
	(1, ' Rukavice CXS CITA II, protipořezové', 'RukaviceCITA-II.jpg', '7,8,9,10,11,12', 1, 45.00, NULL, NULL, NULL),
	(2, 'Rukavice, jednorázové, nitrilové', 'Rukavice_jednorazove_nitrilove.jpg', 'M,L,XL', 1, 85.00, NULL, NULL, NULL),
	(3, 'Rukavice ALVAROS, máčené v nitrilu', 'Rukavice_ALVAROS_máčené_nitrilu.jpg', '6,7,8,9,10,11', 1, 25.00, NULL, NULL, NULL),
	(4, 'Mikina ESD antistatická černá', 'Mikina_ESD_black.png', 'S,M,L,XL,2XL,3XL', 2, 469.00, NULL, NULL, NULL),
	(5, 'Trička bíle MNG', 'Tričko_bíle.png', 'XS,S,M,L,XL,2XL,3XL', 8, 259.00, '1630-340-114-92', NULL, NULL),
	(6, 'Obuv CXS TEXLINE BURU O1, polobotka', 'Obuv_CXS_ polobotka.png', '36,37,38,39,40,41,42,43,44,45,46,47,48', 3, 699.00, NULL, NULL, NULL),
	(7, 'Obuv SOLAR , sandál', 'Obuv_SOLAR_sandal.png', '37,38,39,40,41,42,43,44,45,46,47,48', 3, 719.00, NULL, NULL, NULL),
	(8, 'Uvex 2 trend S1 SRC', 'Uvex_2_trend.png', '36,37,38,39,40,41,42,43,44,45,46,47,48,49,50,51,52', 3, 0.00, NULL, NULL, NULL),
	(9, 'Tričko ESD černé Výroba', 'Tričko_ESD_black.png', 'XS,S,M,L,XL,2XL,3XL', 4, 189.00, NULL, NULL, NULL),
	(10, 'Tričko ESD zelené Kvalita', 'Tričko_ESD_gren.png', 'XS,S,M,L,XL,2XL,3XL,4XL,5XL', 4, 189.00, NULL, NULL, NULL),
	(11, 'Tričko ESD šedá Sklad', 'Tričko_ESD_shadow.png', 'XS,S,M,L,XL,2XL,3XL', 4, 189.00, NULL, NULL, NULL),
	(12, 'Vesta ESD černá', 'Vesta_ESD_black.png', 'S,M,L,XL,2XL', 5, 339.00, NULL, NULL, NULL),
	(13, 'Trička černé', 'Tričko_černé.png', 'XS,S,M,L,XL,2XL,3XL', 8, 259.00, '1630-340-801-92', NULL, NULL),
	(14, 'Jednorázové zátkové chrániče sluchu', 'Spunty.jpg', '1bal_X_2pary', 6, 2.60, NULL, NULL, NULL),
	(15, 'Brýle CXS Fossa, černo-zelené, čirý zorník', 'Bryle_cire.jpg', '1 ks', 6, 75.00, NULL, NULL, NULL),
	(16, 'Brýle CXS FOSSA, černo-zelené, kouřový zorník', 'Bryle_kouřove.jpg\r\n', '1ks', 6, 75.00, NULL, NULL, NULL),
	(17, 'Přilba MSA V-Gard 500 větraná, reflexní', 'priba.jpg', '1ks', 6, 355.00, NULL, NULL, NULL),
	(18, 'Vložky do obuvi Active gel, modré', 'Vložky_Active_gel.jpg', '35-40,41-45,46-50', 6, 89.00, NULL, NULL, NULL),
	(19, 'Martor Secunorm 380 - bezpečnostní nůž', 'Secunorm_380.png', '1ks', 7, 519.00, NULL, NULL, NULL),
	(20, 'Náhradní čepele Martor Secunorm 380 ', 'Nahradní_čepele_380.PNG', '1bal-10ks,5bal-50ks,10bal-100ks ', 7, 234.00, NULL, NULL, NULL),
	(21, 'Martor Secupro Merak - bezpečnostní nůž ', 'Martor_Secupro.png', '1ks', 7, 523.00, NULL, NULL, NULL),
	(22, 'Martor Secupro Merak - náhradní čepele', 'Martor_Secupro_cepel.png', '1x-10ks,5x-50ks,10x-100ks', 7, 143.00, NULL, NULL, NULL);

-- Exportování struktury pro tabulka safecompas.roles
CREATE TABLE IF NOT EXISTS `roles` (
  `id` bigint unsigned NOT NULL AUTO_INCREMENT,
  `name` varchar(255) COLLATE utf8mb4_unicode_ci NOT NULL,
  `display_name` varchar(255) COLLATE utf8mb4_unicode_ci NOT NULL,
  `description` text COLLATE utf8mb4_unicode_ci,
  `is_active` tinyint(1) NOT NULL DEFAULT '1',
  `created_at` timestamp NULL DEFAULT NULL,
  `updated_at` timestamp NULL DEFAULT NULL,
  PRIMARY KEY (`id`),
  UNIQUE KEY `roles_name_unique` (`name`)
) ENGINE=InnoDB AUTO_INCREMENT=7 DEFAULT CHARSET=utf8mb4 COLLATE=utf8mb4_unicode_ci;

-- Exportování dat pro tabulku safecompas.roles: ~6 rows (přibližně)
INSERT INTO `roles` (`id`, `name`, `display_name`, `description`, `is_active`, `created_at`, `updated_at`) VALUES
	(1, 'super_admin', 'Super Administrátor', 'Úplný přístup ke všem funkcím systému', 1, '2026-04-24 13:27:51', '2026-04-24 13:27:51'),
	(2, 'admin', 'Administrátor', 'Přístup k administraci a správě uživatelů', 1, '2026-04-24 13:27:51', '2026-04-24 13:27:51'),
	(3, 'manager', 'Manažer', 'Přístup ke všem modulům bez administrace', 1, '2026-04-24 13:27:51', '2026-04-24 13:27:51'),
	(4, 'oopp_user', 'OOPP Uživatel', 'Přístup pouze k modulu OOPP', 1, '2026-04-24 13:27:51', '2026-04-24 13:27:51'),
	(5, 'lekarnicky_user', 'Lékárničky Uživatel', 'Přístup pouze k modulu Lékárničky', 1, '2026-04-24 13:27:51', '2026-04-24 13:27:51'),
	(6, 'viewer', 'Prohlížeč', 'Pouze prohlížení, bez možnosti úprav', 1, '2026-04-24 13:27:51', '2026-04-24 13:27:51');

-- Exportování struktury pro tabulka safecompas.role_permissions
CREATE TABLE IF NOT EXISTS `role_permissions` (
  `id` bigint unsigned NOT NULL AUTO_INCREMENT,
  `role_id` bigint unsigned NOT NULL,
  `permission_id` bigint unsigned NOT NULL,
  `created_at` timestamp NULL DEFAULT NULL,
  `updated_at` timestamp NULL DEFAULT NULL,
  PRIMARY KEY (`id`),
  UNIQUE KEY `role_permissions_role_id_permission_id_unique` (`role_id`,`permission_id`),
  KEY `role_permissions_permission_id_foreign` (`permission_id`),
  CONSTRAINT `role_permissions_permission_id_foreign` FOREIGN KEY (`permission_id`) REFERENCES `permissions` (`id`) ON DELETE CASCADE,
  CONSTRAINT `role_permissions_role_id_foreign` FOREIGN KEY (`role_id`) REFERENCES `roles` (`id`) ON DELETE CASCADE
) ENGINE=InnoDB AUTO_INCREMENT=58 DEFAULT CHARSET=utf8mb4 COLLATE=utf8mb4_unicode_ci;

-- Exportování dat pro tabulku safecompas.role_permissions: ~57 rows (přibližně)
INSERT INTO `role_permissions` (`id`, `role_id`, `permission_id`, `created_at`, `updated_at`) VALUES
	(1, 1, 1, NULL, NULL),
	(2, 1, 2, NULL, NULL),
	(3, 1, 3, NULL, NULL),
	(4, 1, 4, NULL, NULL),
	(5, 1, 5, NULL, NULL),
	(6, 1, 6, NULL, NULL),
	(7, 1, 7, NULL, NULL),
	(8, 1, 8, NULL, NULL),
	(9, 1, 9, NULL, NULL),
	(10, 1, 10, NULL, NULL),
	(11, 1, 11, NULL, NULL),
	(12, 1, 12, NULL, NULL),
	(13, 1, 13, NULL, NULL),
	(14, 1, 14, NULL, NULL),
	(15, 1, 15, NULL, NULL),
	(16, 1, 16, NULL, NULL),
	(17, 1, 17, NULL, NULL),
	(18, 1, 18, NULL, NULL),
	(19, 2, 1, NULL, NULL),
	(20, 2, 2, NULL, NULL),
	(21, 2, 3, NULL, NULL),
	(22, 2, 4, NULL, NULL),
	(23, 2, 5, NULL, NULL),
	(24, 2, 6, NULL, NULL),
	(25, 2, 7, NULL, NULL),
	(26, 2, 8, NULL, NULL),
	(27, 2, 9, NULL, NULL),
	(28, 2, 10, NULL, NULL),
	(29, 2, 11, NULL, NULL),
	(30, 2, 12, NULL, NULL),
	(31, 2, 13, NULL, NULL),
	(32, 2, 14, NULL, NULL),
	(33, 2, 15, NULL, NULL),
	(34, 2, 16, NULL, NULL),
	(35, 2, 17, NULL, NULL),
	(36, 2, 18, NULL, NULL),
	(37, 3, 6, NULL, NULL),
	(38, 3, 7, NULL, NULL),
	(39, 3, 9, NULL, NULL),
	(40, 3, 10, NULL, NULL),
	(41, 3, 5, NULL, NULL),
	(42, 3, 15, NULL, NULL),
	(43, 3, 2, NULL, NULL),
	(44, 3, 3, NULL, NULL),
	(45, 3, 1, NULL, NULL),
	(46, 3, 18, NULL, NULL),
	(47, 3, 17, NULL, NULL),
	(48, 4, 1, NULL, NULL),
	(49, 4, 2, NULL, NULL),
	(50, 4, 3, NULL, NULL),
	(51, 5, 5, NULL, NULL),
	(52, 5, 9, NULL, NULL),
	(53, 5, 10, NULL, NULL),
	(54, 6, 1, NULL, NULL),
	(55, 6, 5, NULL, NULL),
	(56, 6, 15, NULL, NULL),
	(57, 6, 17, NULL, NULL);

-- Exportování struktury pro tabulka safecompas.sessions
CREATE TABLE IF NOT EXISTS `sessions` (
  `id` varchar(255) COLLATE utf8mb4_unicode_ci NOT NULL,
  `user_id` bigint unsigned DEFAULT NULL,
  `ip_address` varchar(45) COLLATE utf8mb4_unicode_ci DEFAULT NULL,
  `user_agent` text COLLATE utf8mb4_unicode_ci,
  `payload` longtext COLLATE utf8mb4_unicode_ci NOT NULL,
  `last_activity` int NOT NULL,
  PRIMARY KEY (`id`),
  KEY `sessions_user_id_index` (`user_id`),
  KEY `sessions_last_activity_index` (`last_activity`)
) ENGINE=InnoDB DEFAULT CHARSET=utf8mb4 COLLATE=utf8mb4_unicode_ci;

-- Exportování dat pro tabulku safecompas.sessions: ~4 rows (přibližně)
INSERT INTO `sessions` (`id`, `user_id`, `ip_address`, `user_agent`, `payload`, `last_activity`) VALUES
	('gDyU3EaFhWsTnVwL8D89VafZGu32xKIF0kFzU1Gq', NULL, '127.0.0.1', 'Mozilla/5.0 (Windows NT 10.0; Win64; x64) AppleWebKit/537.36 (KHTML, like Gecko) Chrome/147.0.0.0 Safari/537.36', 'ZXlKcGRpSTZJakZuVFZsWGJ6QXdabG93VHpBNGNWbEtNalV4WVVFOVBTSXNJblpoYkhWbElqb2lTalpLYkRJNVRFOVdkMDk2ZEhveFRrY3lWV3hvZDJsSFJFbEJPQ3RVUVZsU1UxZEhVRXMwZVdKNFYyYzRZbTQyYVdkUmJsRnhTVmszV1RsUlMxVmpXRzVIVnpCWWVFdFRZazFDY1VSRlNXMTZPVXB4TDFKWmFrdFlSek5OWkc1dFRIbzFOamd3YjBKSldVMXpXbTVqZEdKbmJVSlhWM00zUzFWQk5tRTFWelV5VkRkSVoyZFViR3RZTVZsSVdtcEJaR3BaWnpJdmVXWnVSMlpZUlhFMVJIbDJTMjh4TUhaSlJsVkpQU0lzSW0xaFl5STZJalUxWmpJeU1qZzJPV1poTmpneU56WTNaVFUxTnpjeE1UQTBObVk0T0RoaFpERm1NbVkzT0RJMlpUazNNREJrT0RWa09ERmpOVFEzTmpJM05Ua3lNVGdpTENKMFlXY2lPaUlpZlE9PQ==', 1777127811),
	('LnGJQkMQGhE1i2WhFBbVRdW9BSQQMT60eWeteif3', NULL, '127.0.0.1', 'Mozilla/5.0 (Windows NT 10.0; Win64; x64) AppleWebKit/537.36 (KHTML, like Gecko) Chrome/147.0.0.0 Safari/537.36', 'ZXlKcGRpSTZJbWhoVG5wTGFVSlhlVWRFYVRocWNDOHJZMHBCYVhjOVBTSXNJblpoYkhWbElqb2lWMlpNUkdscE9HdzRVVmh0U2xJeGRESmtVQ3MxWWtGMVNuQTBaMGMzY1ZCRFluVkdaRzV6TTJaMlRHVllOamxyWVhGWFdWaHVZVXRWTHpKcU1YUlpOWFphTm1aS05UaG1SV1I0WkVKNmVGVjRNWGR5TUVGM1FVUTBNWGxFUlVNeFJYTmhWM2xuVDJaaFVXSk5WbWRHT1hscFdFeE1XRmc1YzI5aFVYaEhTR2h1UnpSQlF6WndWa05GTkVKTGEwbFdVRGxGUzJKVFFXZFhSWFZ2V2pWRFZEWXZUbGswV0U0MWNHZGlUemxJU1d0NFFYTndia1JHT0hCUVNtNVBTaTlDYkVRMlQyZEpVRkZ5U2tzNFV6ZDRWMGh6TkRVMk0xbzRORmxqZVhaNVdXSXJkVEV4UTFGdlpUSTFjVmNyTmt0UlQyUkRZVkpCZURWbVNFOU5XSE14ZVZNNVVtOW9hVGRPWWsxMVREUm9VRU01Vnk4NFUzYzlQU0lzSW0xaFl5STZJakkzWm1RMlpUWm1PR1UyT0RneU9UWmxZbVZtTVRrMlpETXpPR015WkRCaU5UUmtPVEkxWmpRMVkyTTVOVGRqT0dOak5URXpPV1F6T0RCbU5UZ3hOallpTENKMFlXY2lPaUlpZlE9PQ==', 1777127815),
	('LrRANQDpEcNe5R8f0C98DJTLvRWTRQ9AY53Qsh0U', NULL, '127.0.0.1', 'Mozilla/5.0 (Windows NT 10.0; Win64; x64) AppleWebKit/537.36 (KHTML, like Gecko) Chrome/147.0.0.0 Safari/537.36', 'ZXlKcGRpSTZJbWRyUTBoNlRFdEhObE0wV1RJMVdEQktiMHQxYzBFOVBTSXNJblpoYkhWbElqb2lOMWRCTjNwaWJtdEZXbFUzVkVGeFVXUlNUSEV2Um01M0wxQkhjWE5QYVRWU1pIZHFVV2hzWlZOSFdYWnhiREJEVXpJNFowUkdURE42U0RVNWMwTkNjSFJGYmxRNGFuRlZOa0ZTTURGdGNVaFJTbTVFY2l0M01rdG9WRWQxWWxkbmRHbEtTa1JKVlhCVk5FeHhTSEJoVEZOTk5FTktTVlZwZDNwM2JtTTJkbXhxZGtsbVN6RnJiRnBzUVVWcldrUk5UelJyZVdaU1dGZERXVGg2ZGtGR1JXTXdTVVF2YUZad1QwZ3hjR05NWjFaalZGSm1jRU51VjBwSlN6Z3pTV01yV1ZCaWNWSllhVVlyYVZoVmJsZEtVR2RDWXk5c1YxSkpRMlowWkZWWkwwbGtTMU51WTJaNFRFSnJUVEpEWVVwMlUzWTFPWFZsVm00d1NXaHVSMjlrVlVOVlUzVmxObUpVZGtOcVNsSndha013VWtSQmJVRTlQU0lzSW0xaFl5STZJbUpqWW1NME1tVXpNRGd4TW1VNFpEY3daalZsTlRZelpXWTVZVGsyWlRrNU9EVXlZek0zT0dGaFlqQmtNMk5tWmpCaU1tVTVZVGxrTVRBNVpqQmlOR01pTENKMFlXY2lPaUlpZlE9PQ==', 1777127819),
	('u5DiCY3xw9GV1D0livg0xojYhNEagsrvyuudIuy1', NULL, '127.0.0.1', 'Mozilla/5.0 (Windows NT 10.0; Win64; x64) AppleWebKit/537.36 (KHTML, like Gecko) Chrome/147.0.0.0 Safari/537.36', 'ZXlKcGRpSTZJbFJHYVhrd0wzUjJVa0pLYm1Vd1pXZEJlVTAzUldjOVBTSXNJblpoYkhWbElqb2lVMUJhVlRKc1UxcE9RMFJDY0VKb2VsUk5VbWhZYWswM1NURktiRzVUUm5ZelJITjBSMjQzTlM4eVZYSnFhMHRvYW5kYU0xSlpiRGhCVTI1QlJEUmhORXhaUkdoVGFFMVhUVVJ2ZURJMGFFNWtNRmR0YlN0a2JrMDViRkV6TVRkeVpFazVNMFZOVFRWSWRtTjJjR0p2TjI1VU1tUlZVMk5LTHl0R1ZqZzVVV3hoYkRGSmNuZGhZVU5CTmt0WFRsRldhRVJHWVN0WlNUTlVUelIxVDFneU5Fd3pNM3BNY1ZOSWNtbENkRXRhZWtOSlpHdG1NSEoyVGpNeVZrazRZWHAwYVRKNlVHYzNkM1JTVjJwNFRHVTBjVUZGWlhCaU1HSTNVRkpNZFdkd0szaFBOR0pqUjFKNVVuaHhMMFpqUzBWa2NUWnRjVmxSYjJ4Q1kyeHlUMGRxZGtkb1JsRmhWMjFhWjAwelJuaEVSUzk0WTJkNkswRTlQU0lzSW0xaFl5STZJbUZqWVdZME1HUmlaV1EyWVRjM1l6RmpPR0l6TlRJek9XSmtNak16WkRJMFl6VXpaamM1TUdSa1lqa3hPREpsTnpFMVpEbG1OREJtWVRrMk16azVNR0lpTENKMFlXY2lPaUlpZlE9PQ==', 1777128204);

-- Exportování struktury pro tabulka safecompas.urazy
CREATE TABLE IF NOT EXISTS `urazy` (
  `id` bigint unsigned NOT NULL AUTO_INCREMENT,
  `zamestnanec_id` bigint unsigned NOT NULL,
  `lekarnicky_id` bigint unsigned NOT NULL,
  `datum_cas_urazu` datetime NOT NULL,
  `popis_urazu` text COLLATE utf8mb4_unicode_ci NOT NULL,
  `misto_urazu` varchar(255) COLLATE utf8mb4_unicode_ci NOT NULL,
  `zavaznost` enum('lehky','stredni','tezky') COLLATE utf8mb4_unicode_ci NOT NULL,
  `poskytnute_osetreni` text COLLATE utf8mb4_unicode_ci NOT NULL,
  `osoba_poskytujici_pomoc` varchar(255) COLLATE utf8mb4_unicode_ci NOT NULL,
  `prevezen_do_nemocnice` tinyint(1) NOT NULL DEFAULT '0',
  `poznamky` text COLLATE utf8mb4_unicode_ci,
  `created_at` timestamp NULL DEFAULT NULL,
  `updated_at` timestamp NULL DEFAULT NULL,
  PRIMARY KEY (`id`),
  KEY `urazy_zamestnanec_id_foreign` (`zamestnanec_id`),
  KEY `urazy_lekarnicky_id_foreign` (`lekarnicky_id`),
  CONSTRAINT `urazy_lekarnicky_id_foreign` FOREIGN KEY (`lekarnicky_id`) REFERENCES `lekarnicke` (`id`) ON DELETE CASCADE,
  CONSTRAINT `urazy_zamestnanec_id_foreign` FOREIGN KEY (`zamestnanec_id`) REFERENCES `zamestnanci` (`id`) ON DELETE CASCADE
) ENGINE=InnoDB AUTO_INCREMENT=2 DEFAULT CHARSET=utf8mb4 COLLATE=utf8mb4_unicode_ci;

-- Exportování dat pro tabulku safecompas.urazy: ~1 rows (přibližně)
INSERT INTO `urazy` (`id`, `zamestnanec_id`, `lekarnicky_id`, `datum_cas_urazu`, `popis_urazu`, `misto_urazu`, `zavaznost`, `poskytnute_osetreni`, `osoba_poskytujici_pomoc`, `prevezen_do_nemocnice`, `poznamky`, `created_at`, `updated_at`) VALUES
	(1, 52, 1, '2026-04-24 19:14:00', 'upadla noha', 'Sklad', 'lehky', 'žádné', 'Halamka', 0, NULL, '2026-04-24 15:14:52', '2026-04-24 15:14:52');

-- Exportování struktury pro tabulka safecompas.users
CREATE TABLE IF NOT EXISTS `users` (
  `id` bigint unsigned NOT NULL AUTO_INCREMENT,
  `name` varchar(255) COLLATE utf8mb4_unicode_ci NOT NULL,
  `email` varchar(255) COLLATE utf8mb4_unicode_ci NOT NULL,
  `email_verified_at` timestamp NULL DEFAULT NULL,
  `password` varchar(255) COLLATE utf8mb4_unicode_ci NOT NULL,
  `username` varchar(255) COLLATE utf8mb4_unicode_ci NOT NULL,
  `firstname` varchar(255) COLLATE utf8mb4_unicode_ci NOT NULL,
  `lastname` varchar(255) COLLATE utf8mb4_unicode_ci NOT NULL,
  `alias` varchar(255) COLLATE utf8mb4_unicode_ci DEFAULT NULL,
  `is_active` tinyint(1) NOT NULL DEFAULT '1',
  `last_login` timestamp NULL DEFAULT NULL,
  `preferences` json DEFAULT NULL,
  `remember_token` varchar(100) COLLATE utf8mb4_unicode_ci DEFAULT NULL,
  `created_at` timestamp NULL DEFAULT NULL,
  `updated_at` timestamp NULL DEFAULT NULL,
  PRIMARY KEY (`id`),
  UNIQUE KEY `users_email_unique` (`email`),
  UNIQUE KEY `users_username_unique` (`username`)
) ENGINE=InnoDB AUTO_INCREMENT=8 DEFAULT CHARSET=utf8mb4 COLLATE=utf8mb4_unicode_ci;

-- Exportování dat pro tabulku safecompas.users: ~4 rows (přibližně)
INSERT INTO `users` (`id`, `name`, `email`, `email_verified_at`, `password`, `username`, `firstname`, `lastname`, `alias`, `is_active`, `last_login`, `preferences`, `remember_token`, `created_at`, `updated_at`) VALUES
	(1, 'lhala', 'halamis74@gmail.com', NULL, '$2y$12$zjGPV3ZsqYJH4skQczx8SeQm2Q9B8H1s2glyhXLzjvpmBRm3QfX6a', 'lhala', 'Lukáš', 'Halamka', 'Lukáši', 1, '2026-04-25 05:39:23', NULL, NULL, '2026-04-24 13:26:26', '2026-04-25 05:39:23'),
	(5, 'Jindřich Halamka', 'halamis@seznam.cz', NULL, '$2y$12$F7M6ekU6DbiEDk5h2UaYzuyC85.PDtKc0MSme8rTkyg0KLAr0hUCK', 'jhala', 'Jindřich', 'Halamka', 'Jindro', 1, '2026-04-25 02:31:16', NULL, NULL, '2026-04-25 01:01:51', '2026-04-25 02:31:16'),
	(6, 'Hovno Nalopatě', 'Lukas.Halamka@tark-solutions.com', NULL, '$2y$12$nxm.jQsSFKGpSXthJNYguuGPob9GYhS86fnTpIPo.6xCCIN.J3dlK', 'hovno', 'Hovno', 'Nalopatě', 'Hovne', 1, '2026-04-25 02:25:57', NULL, NULL, '2026-04-25 02:15:18', '2026-04-25 02:25:57'),
	(7, 'Tark s.r.o.', 'Lukas.Halamka@lairdthermal.com', NULL, '$2y$12$bMmbworgycB8ubVbEAXd1ul5oj/Y9La.TzT16APeJF7/J.1xHeSoO', 'tark', 'Tark', 's.r.o.', 'Pane', 1, '2026-04-25 02:32:40', NULL, NULL, '2026-04-25 02:32:15', '2026-04-25 02:32:40');

-- Exportování struktury pro tabulka safecompas.user_activity
CREATE TABLE IF NOT EXISTS `user_activity` (
  `id` bigint unsigned NOT NULL AUTO_INCREMENT,
  `user_id` bigint unsigned NOT NULL,
  `action` varchar(255) COLLATE utf8mb4_unicode_ci NOT NULL,
  `table_name` varchar(255) COLLATE utf8mb4_unicode_ci DEFAULT NULL,
  `old_values` json DEFAULT NULL,
  `new_values` json DEFAULT NULL,
  `ip_address` varchar(45) COLLATE utf8mb4_unicode_ci DEFAULT NULL,
  `user_agent` text COLLATE utf8mb4_unicode_ci,
  `created_at` timestamp NULL DEFAULT NULL,
  `updated_at` timestamp NULL DEFAULT NULL,
  PRIMARY KEY (`id`),
  KEY `user_activity_user_id_foreign` (`user_id`),
  CONSTRAINT `user_activity_user_id_foreign` FOREIGN KEY (`user_id`) REFERENCES `users` (`id`) ON DELETE CASCADE
) ENGINE=InnoDB DEFAULT CHARSET=utf8mb4 COLLATE=utf8mb4_unicode_ci;

-- Exportování dat pro tabulku safecompas.user_activity: ~0 rows (přibližně)

-- Exportování struktury pro tabulka safecompas.user_lekarnicky_access
CREATE TABLE IF NOT EXISTS `user_lekarnicky_access` (
  `id` bigint unsigned NOT NULL AUTO_INCREMENT,
  `user_id` bigint unsigned NOT NULL,
  `lekarnicky_id` bigint unsigned NOT NULL,
  `access_level` enum('view','edit','admin') COLLATE utf8mb4_unicode_ci NOT NULL DEFAULT 'view',
  `created_at` timestamp NULL DEFAULT NULL,
  `updated_at` timestamp NULL DEFAULT NULL,
  PRIMARY KEY (`id`),
  UNIQUE KEY `user_lekarnicky_access_user_id_lekarnicky_id_unique` (`user_id`,`lekarnicky_id`),
  KEY `user_lekarnicky_access_lekarnicky_id_foreign` (`lekarnicky_id`),
  CONSTRAINT `user_lekarnicky_access_lekarnicky_id_foreign` FOREIGN KEY (`lekarnicky_id`) REFERENCES `lekarnicke` (`id`) ON DELETE CASCADE,
  CONSTRAINT `user_lekarnicky_access_user_id_foreign` FOREIGN KEY (`user_id`) REFERENCES `users` (`id`) ON DELETE CASCADE
) ENGINE=InnoDB DEFAULT CHARSET=utf8mb4 COLLATE=utf8mb4_unicode_ci;

-- Exportování dat pro tabulku safecompas.user_lekarnicky_access: ~0 rows (přibližně)

-- Exportování struktury pro tabulka safecompas.user_roles
CREATE TABLE IF NOT EXISTS `user_roles` (
  `id` bigint unsigned NOT NULL AUTO_INCREMENT,
  `user_id` bigint unsigned NOT NULL,
  `role_id` bigint unsigned NOT NULL,
  `created_at` timestamp NULL DEFAULT NULL,
  `updated_at` timestamp NULL DEFAULT NULL,
  PRIMARY KEY (`id`),
  UNIQUE KEY `user_roles_user_id_role_id_unique` (`user_id`,`role_id`),
  KEY `user_roles_role_id_foreign` (`role_id`),
  CONSTRAINT `user_roles_role_id_foreign` FOREIGN KEY (`role_id`) REFERENCES `roles` (`id`) ON DELETE CASCADE,
  CONSTRAINT `user_roles_user_id_foreign` FOREIGN KEY (`user_id`) REFERENCES `users` (`id`) ON DELETE CASCADE
) ENGINE=InnoDB AUTO_INCREMENT=5 DEFAULT CHARSET=utf8mb4 COLLATE=utf8mb4_unicode_ci;

-- Exportování dat pro tabulku safecompas.user_roles: ~4 rows (přibližně)
INSERT INTO `user_roles` (`id`, `user_id`, `role_id`, `created_at`, `updated_at`) VALUES
	(1, 1, 1, NULL, NULL),
	(2, 5, 2, NULL, NULL),
	(3, 6, 3, NULL, NULL),
	(4, 7, 4, NULL, NULL);

-- Exportování struktury pro tabulka safecompas.vydej_materialu
CREATE TABLE IF NOT EXISTS `vydej_materialu` (
  `id` bigint unsigned NOT NULL AUTO_INCREMENT,
  `uraz_id` bigint unsigned NOT NULL,
  `material_id` bigint unsigned NOT NULL,
  `vydane_mnozstvi` int NOT NULL,
  `jednotka` varchar(255) COLLATE utf8mb4_unicode_ci NOT NULL,
  `datum_vydeje` datetime NOT NULL,
  `osoba_vydavajici` varchar(255) COLLATE utf8mb4_unicode_ci NOT NULL,
  `poznamky` text COLLATE utf8mb4_unicode_ci,
  `created_at` timestamp NULL DEFAULT NULL,
  `updated_at` timestamp NULL DEFAULT NULL,
  PRIMARY KEY (`id`),
  KEY `vydej_materialu_uraz_id_foreign` (`uraz_id`),
  KEY `vydej_materialu_material_id_foreign` (`material_id`),
  CONSTRAINT `vydej_materialu_material_id_foreign` FOREIGN KEY (`material_id`) REFERENCES `lekarnicky_material` (`id`) ON DELETE CASCADE,
  CONSTRAINT `vydej_materialu_uraz_id_foreign` FOREIGN KEY (`uraz_id`) REFERENCES `urazy` (`id`) ON DELETE CASCADE
) ENGINE=InnoDB DEFAULT CHARSET=utf8mb4 COLLATE=utf8mb4_unicode_ci;

-- Exportování dat pro tabulku safecompas.vydej_materialu: ~0 rows (přibližně)

-- Exportování struktury pro tabulka safecompas.zamestnanci
CREATE TABLE IF NOT EXISTS `zamestnanci` (
  `id` bigint unsigned NOT NULL AUTO_INCREMENT,
  `jmeno` varchar(255) COLLATE utf8mb4_unicode_ci NOT NULL,
  `prijmeni` varchar(255) COLLATE utf8mb4_unicode_ci NOT NULL,
  `stredisko` varchar(255) COLLATE utf8mb4_unicode_ci NOT NULL,
  `created_at` timestamp NULL DEFAULT NULL,
  `updated_at` timestamp NULL DEFAULT NULL,
  PRIMARY KEY (`id`)
) ENGINE=InnoDB AUTO_INCREMENT=53 DEFAULT CHARSET=utf8mb4 COLLATE=utf8mb4_unicode_ci;

-- Exportování dat pro tabulku safecompas.zamestnanci: ~50 rows (přibližně)
INSERT INTO `zamestnanci` (`id`, `jmeno`, `prijmeni`, `stredisko`, `created_at`, `updated_at`) VALUES
	(1, 'Karolina', 'McIvor', 'P815', NULL, NULL),
	(2, 'Karolína', 'Zezulková', 'P818', NULL, NULL),
	(3, 'Ladislav', 'Zejda', 'P615', NULL, NULL),
	(4, 'Libor', 'Opálka', 'P452', NULL, NULL),
	(5, 'Lucie', 'Boučková', 'P422', NULL, NULL),
	(6, 'Lucie', 'Vinšová', 'P422', NULL, NULL),
	(7, 'Lukáš', 'Halamka', 'P452', NULL, NULL),
	(8, 'Lukáš', 'Novák', 'P422', NULL, NULL),
	(10, 'Martin', 'Hozák', 'Q813', NULL, NULL),
	(11, 'Martin', 'Štancl', 'P816', NULL, NULL),
	(12, 'Martina', 'Ištoková', 'P422', NULL, NULL),
	(13, 'Marzena', 'Kupcová', 'P422', NULL, NULL),
	(14, 'Michaela', 'Fišerová', 'P422', NULL, NULL),
	(15, 'Michal', 'Maršálek', 'P470', NULL, NULL),
	(16, 'Michal', 'Skibko', 'P422', NULL, NULL),
	(17, 'Milan', 'Bambusz', 'P440', NULL, NULL),
	(18, 'Nikola', 'Bajzová', 'P422', NULL, NULL),
	(19, 'Milan', 'Havlík', 'P811', NULL, NULL),
	(20, 'Milan', 'Janda', 'Q817', NULL, NULL),
	(21, 'Monika', 'Můllerová', 'P817', NULL, NULL),
	(23, 'Ondrej', 'Boor', 'P452', NULL, NULL),
	(24, 'Petr', 'Říha', 'P422', NULL, NULL),
	(25, 'Pavel', 'Nemec', 'P898', NULL, NULL),
	(26, 'Pavla', 'Kadlecová', 'P450', NULL, NULL),
	(27, 'Petra', 'Kulajtová', 'P422', NULL, NULL),
	(28, 'Peter', 'Surma', 'P817', NULL, NULL),
	(29, 'Petr', 'Bradáč', 'P422', NULL, NULL),
	(30, 'Petr', 'Lochman', 'P450', NULL, NULL),
	(31, 'Richard', 'Kloss', 'P422', NULL, NULL),
	(32, 'Romana', 'Bajzová', 'P422', NULL, NULL),
	(33, 'Petr', 'Trávník', 'P452', NULL, NULL),
	(34, 'Romana', 'Havelková', 'P422', NULL, NULL),
	(35, 'Petra', 'Turpišová', 'P450', NULL, NULL),
	(36, 'Radim', 'Varga', 'P440', NULL, NULL),
	(37, 'Romana', 'Machatá', 'P422', NULL, NULL),
	(38, 'Rostislav', 'Kubík', 'P422', NULL, NULL),
	(39, 'Tetana', 'Jankovska', 'P422', NULL, NULL),
	(40, 'Václav', 'Randák', 'P422', NULL, NULL),
	(41, 'Vera', 'Zajíčková', 'P422', NULL, NULL),
	(42, 'Vít', 'Kolčnárek', 'P422', NULL, NULL),
	(43, 'Zdenek', 'Voboril', 'P422', NULL, NULL),
	(44, 'Milan', 'Gajdoš', 'P422', NULL, NULL),
	(45, 'Pavel', 'Bohdanecký', 'P422', NULL, NULL),
	(46, 'Veronika', 'Korcová', 'P815', NULL, NULL),
	(47, 'Veronika', 'Kovačiková', 'P470', NULL, NULL),
	(48, 'Petr', 'Moravec', 'P422', NULL, NULL),
	(49, 'Tereza', 'Najmanová', 'P422', NULL, NULL),
	(50, 'Vlatko', 'Ackoski', 'P422', NULL, NULL),
	(51, 'Zuzana', 'Churavá', 'P450', NULL, NULL),
	(52, 'Zuzana', 'Škodová', 'P452', NULL, NULL);

/*!40103 SET TIME_ZONE=IFNULL(@OLD_TIME_ZONE, 'system') */;
/*!40101 SET SQL_MODE=IFNULL(@OLD_SQL_MODE, '') */;
/*!40014 SET FOREIGN_KEY_CHECKS=IFNULL(@OLD_FOREIGN_KEY_CHECKS, 1) */;
/*!40101 SET CHARACTER_SET_CLIENT=@OLD_CHARACTER_SET_CLIENT */;
/*!40111 SET SQL_NOTES=IFNULL(@OLD_SQL_NOTES, 1) */;
